Workbook

Sheet Евгений Ж.
D1: Продажи | AT1: Сопровождение клиентов | CR1: Рассчеты | EA1: Эффективность | ET1: Заработная плата | FN1: Нарушения регламента работы
A2: Ноябрь 2022 | D2: Показатели | M2: Дата | N2: 44866 | O2: 44867 | P2: 44868 | Q2: 44869 | R2: 44870 | S2: 44871 | T2: 44872 | U2: 44873 | V2: 44874 | W2: 44875 | X2: 44876 | Y2: 44877 | Z2: 44878 | AA2: 44879 | AB2: 44880 | AC2: 44881 | AD2: 44882 | AE2: 44883 | AF2: 44884 | AG2: 44885 | AH2: 44886 | AI2: 44887 | AJ2: 44888 | AK2: 44889 | AL2: 44890 | AM2: 44891 | AN2: 44892 | AO2: 44893 | AP2: 44894 | AQ2: 44895 | AT2: Название проекта | CR2: Премия | CU2: Ключевые показатели | DH2: Факт | DK2: План | DN2: Бонус | DQ2: Вып 100% | DT2: Вып в % | DW2: Днев ПЛ | EA2: Ключевые конверсии | EO2: Факт | EQ2: Сред | ET2: Мотивация менеджера | FJ2: Сумма | FN2: Дисциплинарные нарушения | FZ2: Сумм | GB2: 44531 | GC2: 44532 | GD2: 44533 | GE2: 44534 | GF2: 44535 | GG2: 44536 | GH2: 44537 | GI2: 44538 | GJ2: 44539 | GK2: 44540 | GL2: 44541 | GM2: 44542 | GN2: 44543 | GO2: 44544 | GP2: 44545 | GQ2: 44546 | GR2: 44547 | GS2: 44548 | GT2: 44549 | GU2: 44550 | GV2: 44551 | GW2: 44552 | GX2: 44553 | GY2: 44554 | GZ2: 44555 | HA2: 44556 | HB2: 44557 | HC2: 44558 | HD2: 44559 | HE2: 44560 | HF2: 44561 | HG2: Итого
CR3: 0 | CU3: Количество новых лидов | DH3: =SUM(N6:AR6) -> 59 | DK3: 10 | DN3: 0 | DQ3: 0 | DT3: 0 | DW3: =(DK3-DH3)/'График'!AK4 -> -2.1304348 | EA3: Из лида в одобренный тест | EO3: =DH5*100/DH3 -> 33.898305 | ET3: Сумма штрафов | FJ3: =HG12 -> 0
AT4: Сумма | CR4: 0 | CU4: Количество результативных звонков | DH4: =SUM(N7:AR7) -> 197 | DK4: 10 | DN4: =2500*DT4/100 -> 2500 | DQ4: =IF(DH4<DK4,DH4,IF(DH4>=DK4,DK4)) -> 10 | DT4: =DQ4*100/DK4 -> 100 | DW4: =(DK4-DH4)/'График'!AK4 -> -8.1304348 | EA4: Из лида в оплаченный тест | EO4: =DH6*100/DH3 -> 15.254237 | ET4: Бонус за выполнение KPI | FJ4: =sum(DN4:DP7,DN9) -> 7500
AT5: Количество | AX5: 1 | BA5: 1 | BD5: 3 | BG5: 4 | BJ5: 5 | BM5: 6 | BP5: 7 | BS5: 8 | BV5: 9 | BY5: 10 | CB5: 11 | CE5: 12 | CH5: 13 | CK5: 14 | CN5: 15 | CR5: 0 | CU5: Кол-во одобренных тестов | DH5: =SUM(N8:AR8) -> 20 | DK5: 10 | DN5: =2500*DT5/100 -> 2500 | DQ5: =IF(DH5<DK5,DH5,IF(DH5>=DK5,DK5)) -> 10 | DT5: =DQ5*100/DK5 -> 100 | DW5: =(DK5-DH5)/'График'!AK4 -> -0.43478261 | EA5: Из лида в заключенный договор | EO5: =DH7*100/DH3 -> 0 | ET5: Общий % выполнения KPI | FJ5: =sum(DT4,DT5,DT6,DT7,DT9)/5 -> 60
D6: Кол-во новых лидов | V6: 2 | W6: 7 | X6: 4 | Y6: 0 | AA6: 10 | AB6: 0 | AC6: 0 | AD6: 4 | AE6: 5 | AF6: 0 | AH6: 1 | AI6: 12 | AJ6: 0 | AK6: 0 | AL6: 0 | AM6: 8 | AO6: 2 | AP6: 2 | AQ6: 2 | AT6: 2 месяц | AW6: % | AX6: 10 | BA6: 10 | BD6: 10 | BG6: 10 | BJ6: 10 | BM6: 10 | BP6: 10 | BS6: 10 | BV6: 10 | BY6: 10 | CB6: 10 | CE6: 10 | CH6: 10 | CK6: 10 | CN6: 10 | CR6: 10000 | CU6: Кол-во оплаченных тестов | DH6: =SUM(N9:AR9) -> 9 | DK6: 7 | DN6: =2500*DT6/100 -> 2500 | DQ6: =IF(DH6<DK6,DH6,IF(DH6>=DK6,DK6)) -> 7 | DT6: =DQ6*100/DK6 -> 100 | DW6: =(DK6-DH6)/'График'!AK4 -> -0.086956522 | EA6: Из результативного звонка в одобренный тест | EO6: =DH5*100/DH4 -> 10.152284 | ET6: Премия за платные тесты | FJ6: =sum(AX14:CP14) -> 14000 | FN6: Ведение CRM | FZ6: 200 | HG6: =sum(GB6:HF6)*FZ6 -> 0
D7: Кол-во результативных звонков | V7: 12 | W7: 11 | X7: 9 | Y7: 2 | AA7: 17 | AB7: 9 | AC7: 8 | AD7: 13 | AE7: 14 | AF7: 1 | AH7: 11 | AI7: 15 | AJ7: 5 | AK7: 7 | AL7: 8 | AM7: 13 | AO7: 18 | AP7: 14 | AQ7: 10 | AT7: =SUM(AX7:CO7) -> 0 | AX7: =(AX4*AX6)/100 -> 0 | BA7: =(BA4*BA6)/100 -> 0 | BD7: =(BD4*BD6)/100 -> 0 | BG7: =(BG4*BG6)/100 -> 0 | BJ7: =(BJ4*BJ6)/100 -> 0 | BM7: =(BM4*BM6)/100 -> 0 | BP7: =(BP4*BP6)/100 -> 0 | BS7: =(BS4*BS6)/100 -> 0 | BV7: =(BV4*BV6)/100 -> 0 | BY7: =(BY4*BY6)/100 -> 0 | CB7: =(CB4*CB6)/100 -> 0 | CE7: =(CE4*CE6)/100 -> 0 | CH7: =(CH4*CH6)/100 -> 0 | CK7: =(CK4*CK6)/100 -> 0 | CN7: =(CN4*CN6)/100 -> 0 | CR7: 2500 | CU7: Кол-во заключенных договоров | DH7: =SUM(N10:AR10) -> 0 | DK7: 1 | DN7: =2500*DT7/100 -> 0 | DQ7: =IF(DH7<DK7,DH7,IF(DH7>=DK7,DK7)) -> 0 | DT7: =DQ7*100/DK7 -> 0 | DW7: =(DK7-DH7)/'График'!AK4 -> 0.043478261 | EA7: Из звонка в проведенный тест | EO7: =DH6*100/DH4 -> 4.5685279 | ET7: Премия за сопровождение проектов за второй месяц | FN7: Соблюдение регламентов и скриптов | FZ7: 200 | HG7: =sum(GB7:HF7)*FZ7 -> 0
D8: Кол-во одобренных тестов | V8: 3 | W8: 1 | X8: 1 | Y8: 0 | AA8: 3 | AB8: 1 | AC8: 0 | AD8: 2 | AE8: 1 | AF8: 0 | AH8: 0 | AI8: 2 | AJ8: 0 | AK8: 1 | AL8: 0 | AM8: 2 | AO8: 1 | AP8: 1 | AQ8: 1 | AT8: 3 месяц | AW8: % | AX8: 5 | BA8: 5 | BD8: 5 | BG8: 10 | BJ8: 10 | BM8: 10 | BP8: 10 | BS8: 10 | BV8: 10 | BY8: 10 | CB8: 10 | CE8: 10 | CH8: 10 | CK8: 10 | CN8: 10 | CR8: 0 | CU8: Кол-во позиций в договоре | DH8: =SUM(N11:AR11) -> 0 | DK8: 2 | DN8: 0 | DQ8: 0 | DT8: 0 | DW8: =(DK8-DH8)/'График'!AK4 -> 0.086956522 | EA8: Из звонка в заключенный договор | EO8: =DH7*100/DH4 -> 0 | ET8: Премия за сопровождение проектов за третий месяц | FN8: Вовремя/неверно сданная отчетность | FZ8: 500 | HG8: =sum(GB8:HF8)*FZ8 -> 0
D9: Кол-во оплаченных тестов | V9: 2 | W9: 1 | X9: 0 | Y9: 0 | AA9: 1 | AB9: 0 | AC9: 0 | AD9: 0 | AE9: 1 | AF9: 0 | AH9: 1 | AI9: 0 | AJ9: 0 | AK9: 1 | AL9: 0 | AM9: 0 | AO9: 1 | AP9: 0 | AQ9: 1 | AT9: =SUM(AX9:CO9) -> 0 | AX9: =(AX4*AX8)/100 -> 0 | BA9: =(BA4*BA8)/100 -> 0 | BD9: =(BD4*BD8)/100 -> 0 | BG9: =(BG4*BG8)/100 -> 0 | BJ9: =(BJ4*BJ8)/100 -> 0 | BM9: =(BM4*BM8)/100 -> 0 | BP9: =(BP4*BP8)/100 -> 0 | BS9: =(BS4*BS8)/100 -> 0 | BV9: =(BV4*BV8)/100 -> 0 | BY9: =(BY4*BY8)/100 -> 0 | CB9: =(CB4*CB8)/100 -> 0 | CE9: =(CE4*CE8)/100 -> 0 | CH9: =(CH4*CH8)/100 -> 0 | CK9: =(CK4*CK8)/100 -> 0 | CN9: =(CN4*CN8)/100 -> 0 | CR9: 2500 | CU9: Сумма продаж | DH9: =SUM(N12:AR12) -> 0 | DK9: 20000 | DN9: =5000*DT9/100 -> 0 | DQ9: =IF(DH9<DK9,DH9,IF(DH9>=DK9,DK9)) -> 0 | DT9: =DQ9*100/DK9 -> 0 | DW9: =(DK9-DH9)/'График'!AK4 -> 869.56522 | EA9: Из одобренного теста в проведенный тест | EO9: =DH6*100/DH5 -> 45 | ET9: Зарплата менеджера без учета командного плана | FJ9: =if(FJ5>84,DH9*15%+FJ4,if(FJ5<85,DH9*10%+FJ4)) -> 7500 | FN9: Опоздание без ув. причины | FZ9: 800 | HG9: =sum(GB9:HF9)*FZ9 -> 0
D10: Кол-во заключенных договоров | V10: 0 | W10: 0 | X10: 0 | Y10: 0 | AA10: 0 | AB10: 0 | AC10: 0 | AD10: 0 | AE10: 0 | AF10: 0 | AH10: 0 | AI10: 0 | AJ10: 0 | AK10: 0 | AL10: 0 | AM10: 0 | AO10: 0 | AP10: 0 | AQ10: 0 | AT10: Платные тесты | CR10: 10000 | CU10: Командный план | DH10: =sum(DH9+'Александр'!BF11) -> 0 | DK10: 80000 | DN10: 10000 | DT10: =DH10*100/DK10 -> 0 | DW10: =(DK10-DH10)/'График'!AK4 -> 3478.2609 | EA10: Из одобренного теста в заключенный договор | EO10: =DH7*100/DH5 -> 0 | ET10: Зарплата менеджера с учетом командного плана | FJ10: =if(DH10>=DK10,FJ9+DN10,if(DH10<DK10,FJ9))-HG12 -> 7500 | FN10: Неявка на работу | FZ10: 1500 | HG10: =sum(GB10:HF10)*FZ10 -> 0
D11: Кол-во позиций в договоре | V11: 0 | W11: 0 | X11: 0 | Y11: 0 | AA11: 0 | AB11: 0 | AC11: 0 | AD11: 0 | AE11: 0 | AF11: 0 | AH11: 0 | AI11: 0 | AJ11: 0 | AK11: 0 | AL11: 0 | AM11: 0 | AO11: 0 | AP11: 0 | AQ11: 0 | AT11: Название проекта | AX11: Уфа ИП Хатмуллин | BA11: Казань МебБюро | BD11: РостовНД Кухни61 | BG11: СПБ Штонда | BJ11: Саратов Perfektum | BM11: Волгоград Коновалов | BP11: Краснодар ТаймМебель | BS11: Тула КитченКа2 | BV11: Название Проекта | BY11: Название Проекта | CB11: Название Проекта | CE11: Название Проекта | CH11: Название Проекта | CK11: Название Проекта | CN11: Название Проекта | CR11: 0 | CU11: Остаток до выполнения личного плана | DH11: =DK9-DH9 -> 20000 | EA11: Из теста в заключенный договор | EO11: =DH7*100/DH6 -> 0 | FH11: Итого | FJ11: =sum(FJ10+FJ7+FJ8+FJ6) -> 21500 | FN11: Неверно составленное ТЗ | FZ11: 1000 | HG11: =sum(GB11:HF11)*FZ11 -> 0
D12: Сумма продаж | V12: 0 | W12: 0 | X12: 0 | Y12: 0 | AA12: 0 | AB12: 0 | AC12: 0 | AD12: 0 | AE12: 0 | AF12: 0 | AH12: 0 | AI12: 0 | AJ12: 0 | AK12: 0 | AL12: 0 | AM12: 0 | AO12: 0 | AP12: 0 | AQ12: 0 | CR12: 0 | CU12: Средний чек | DH12: =DH9/DH7 -> #DIV/0! | HE12: Итого | HG12: =sum(HG6:HG11) -> 0
AT13: Сумма | AX13: 5000 | BA13: 10000 | BD13: 10000 | BG13: 10000 | BJ13: 10000 | BM13: 5000 | BP13: 10000 | BS13: 10000 | CR13: 0 | CU13: Общее количество звонков
AT14: 20 | AW14: % | AX14: =AX13*AT14/100 -> 1000 | BA14: =BA13*AT14/100 -> 2000 | BD14: =BD13*AT14/100 -> 2000 | BG14: =BG13*AT14/100 -> 2000 | BJ14: =BJ13*AT14/100 -> 2000 | BM14: =BM13*AT14/100 -> 1000 | BP14: =BP13*AT14/100 -> 2000 | BS14: =BS13*AT14/100 -> 2000 | BV14: =BV13*AT14/100 -> 0 | BY14: =BY13*AT14/100 -> 0 | CB14: =CB13*AT14/100 -> 0 | CE14: =CE13*AT14/100 -> 0 | CH14: =CH13*AT14/100 -> 0 | CK14: =CK13*AT14/100 -> 0 | CN14: =CN13*AT14/100 -> 0 | CR14: 0 | CU14: Общее количество минут разговора
CR15: 15000 | CU15: Среднее количество изделий в договоре | DH15: =(DH7/DH8) -> #DIV/0!
D19: Продажи | AT19: Сопровождение клиентов | CR19: Рассчеты | EA19: Эффективность | ET19: Заработная плата | FN19: Нарушения регламента работы
A20: Декабрь 2022 | D20: Показатели | M20: Дата | N20: 44896 | O20: 44897 | P20: 44898 | Q20: 44899 | R20: 44900 | S20: 44901 | T20: 44902 | U20: 44903 | V20: 44904 | W20: 44905 | X20: 44906 | Y20: 44907 | Z20: 44908 | AA20: 44909 | AB20: 44910 | AC20: 44911 | AD20: 44912 | AE20: 44913 | AF20: 44914 | AG20: 44915 | AH20: 44916 | AI20: 44917 | AJ20: 44918 | AK20: 44919 | AL20: 44920 | AM20: 44921 | AN20: 44922 | AO20: 44923 | AP20: 44924 | AQ20: 44925 | AR20: 44926 | AT20: Название проекта | AX20: РостовНД Кухни61 | CR20: Премия | CU20: Ключевые показатели | DH20: Факт | DK20: План | DN20: Бонус | DQ20: Вып 100% | DT20: Вып в % | DW20: Днев ПЛ | EA20: Ключевые конверсии | EO20: Факт | EQ20: Сред | ET20: Мотивация менеджера | FJ20: Сумма | FN20: Дисциплинарные нарушения | FZ20: Сумм | GB20: 44317 | GC20: 44318 | GD20: 44319 | GE20: 44320 | GF20: 44321 | GG20: 44322 | GH20: 44323 | GI20: 44324 | GJ20: 44325 | GK20: 44326 | GL20: 44327 | GM20: 44328 | GN20: 44329 | GO20: 44330 | GP20: 44331 | GQ20: 44332 | GR20: 44333 | GS20: 44334 | GT20: 44335 | GU20: 44336 | GV20: 44337 | GW20: 44338 | GX20: 44339 | GY20: 44340 | GZ20: 44341 | HA20: 44342 | HB20: 44343 | HC20: 44344 | HD20: 44345 | HE20: 44346 | HF20: 44347 | HG20: Итого
CR21: 0 | CU21: Количество новых лидов | DH21: =SUM(N24:AR24) -> 32 | DK21: 50 | DN21: 0 | DQ21: 0 | DT21: 0 | DW21: =(DK21-DH21)/'График'!AK8 -> 0.7826087 | EA21: Из лида в одобренный тест | EO21: =DH23*100/DH21 -> 15.625 | EQ21: =((DH23*100/DH21)+EO3)/2 -> 24.761653 | ET21: Сумма штрафов | FJ21: =HG30 -> 0
AT22: Сумма | AX22: 20000 | CR22: 0 | CU22: Количество результативных звонков | DH22: =SUM(N25:AR25) -> 241 | DK22: 190 | DN22: =2500*DT22/100 -> 2500 | DQ22: =IF(DH22<DK22,DH22,IF(DH22>=DK22,DK22)) -> 190 | DT22: =DQ22*100/DK22 -> 100 | DW22: =(DK22-DH22)/'График'!AK8 -> -2.2173913 | EA22: Из лида в оплаченный тест | EO22: =DH24*100/DH21 -> 15.625 | EQ22: =((DH23*100/DH21)+EO4)/2 -> 15.439619 | ET22: Бонус за выполнение KPI | FJ22: =sum(DN22:DP25,DN27) -> 11410.714
AT23: Количество | AX23: 1 | BA23: 2 | BD23: 3 | BG23: 4 | BJ23: 5 | BM23: 6 | BP23: 7 | BS23: 8 | BV23: 9 | BY23: 10 | CB23: 11 | CE23: 12 | CH23: 13 | CK23: 14 | CN23: 15 | CR23: 0 | CU23: Кол-во одобренных тестов | DH23: =SUM(N26:AR26) -> 5 | DK23: 20 | DN23: =2500*DT23/100 -> 625 | DQ23: =IF(DH23<DK23,DH23,IF(DH23>=DK23,DK23)) -> 5 | DT23: =DQ23*100/DK23 -> 25 | DW23: =(DK23-DH23)/'График'!AK8 -> 0.65217391 | EA23: Из лида в заключенный договор | EO23: =DH25*100/DH21 -> 6.25 | EQ23: =((DH25*100/DH21)+EO5)/2 -> 3.125 | ET23: Общий % выполнения KPI | FJ23: =sum(DT22,DT23,DT24,DT25,DT27)/5 -> 75.285714
D24: Кол-во новых лидов | N24: 0 | O24: 0 | P24: 0 | R24: 8 | S24: 1 | T24: 4 | U24: 1 | V24: 1 | W24: 0 | X24: 5 | Y24: 5 | Z24: 6 | AA24: 0 | AB24: 1 | AG24: 0 | AH24: 0 | AI24: 0 | AJ24: 0 | AK24: 0 | AM24: 0 | AN24: 0 | AO24: 0 | AP24: 0 | AQ24: 0 | AT24: 2 месяц | AW24: % | BD24: 10 | BG24: 10 | BJ24: 10 | BM24: 10 | BP24: 10 | BS24: 10 | BV24: 10 | BY24: 10 | CB24: 10 | CE24: 10 | CH24: 10 | CK24: 10 | CN24: 10 | CR24: 10000 | CU24: Кол-во оплаченных тестов | DH24: =SUM(N27:AR27) -> 5 | DK24: 7 | DN24: =2500*DT24/100 -> 1785.7143 | DQ24: =IF(DH24<DK24,DH24,IF(DH24>=DK24,DK24)) -> 5 | DT24: =DQ24*100/DK24 -> 71.428571 | DW24: =(DK24-DH24)/'График'!AK8 -> 0.086956522 | EA24: Из результативного звонка в одобренный тест | EO24: =DH23*100/DH22 -> 2.0746888 | EQ24: =((DH23*100/DH22)+EO6)/2 -> 6.1134865 | ET24: Премия за платные тесты | FJ24: =sum(AX32:CP32) -> 7000 | FN24: Ведение CRM | FZ24: 200 | HG24: =sum(GB24:HF24)*FZ24 -> 0
D25: Кол-во результативных звонков | N25: 16 | O25: 12 | P25: 5 | R25: 11 | S25: 11 | T25: 13 | U25: 16 | V25: 16 | W25: 15 | X25: 17 | Y25: 17 | Z25: 9 | AA25: 7 | AB25: 9 | AG25: 18 | AH25: 8 | AI25: 8 | AJ25: 6 | AK25: 3 | AM25: 3 | AN25: 3 | AO25: 3 | AP25: 13 | AQ25: 2 | AT25: =SUM(AX25:CO25) -> 0 | AX25: =(AX22*AX24)/100 -> 0 | BA25: =(BA22*BA24)/100 -> 0 | BD25: =(BD22*BD24)/100 -> 0 | BG25: =(BG22*BG24)/100 -> 0 | BJ25: =(BJ22*BJ24)/100 -> 0 | BM25: =(BM22*BM24)/100 -> 0 | BP25: =(BP22*BP24)/100 -> 0 | BS25: =(BS22*BS24)/100 -> 0 | BV25: =(BV22*BV24)/100 -> 0 | BY25: =(BY22*BY24)/100 -> 0 | CB25: =(CB22*CB24)/100 -> 0 | CE25: =(CE22*CE24)/100 -> 0 | CH25: =(CH22*CH24)/100 -> 0 | CK25: =(CK22*CK24)/100 -> 0 | CN25: =(CN22*CN24)/100 -> 0 | CR25: 2500 | CU25: Кол-во заключенных договоров | DH25: =SUM(N28:AR28) -> 2 | DK25: 2 | DN25: =2500*DT25/100 -> 2500 | DQ25: =IF(DH25<DK25,DH25,IF(DH25>=DK25,DK25)) -> 2 | DT25: =DQ25*100/DK25 -> 100 | DW25: =(DK25-DH25)/'График'!AK8 -> 0 | EA25: Из звонка в проведенный тест | EO25: =DH24*100/DH22 -> 2.0746888 | EQ25: =((DH24*100/DH22)+EO7)/2 -> 3.3216084 | ET25: Премия за сопровождение проектов за второй месяц | FJ25: =AT7 -> 0 | FN25: Соблюдение регламентов и скриптов | FZ25: 200 | HG25: =sum(GB25:HF25)*FZ25 -> 0
D26: Кол-во одобренных тестов | N26: 0 | O26: 0 | P26: 1 | R26: 0 | S26: 0 | T26: 1 | U26: 0 | V26: 0 | W26: 0 | X26: 0 | Y26: 0 | Z26: 0 | AA26: 0 | AB26: 0 | AG26: 0 | AH26: 0 | AI26: 0 | AJ26: 0 | AK26: 1 | AM26: 0 | AN26: 0 | AO26: 0 | AP26: 2 | AQ26: 0 | AT26: 3 месяц | AW26: % | BA26: 5 | BD26: 5 | BG26: 5 | BJ26: 5 | BM26: 5 | BP26: 5 | BS26: 5 | BV26: 5 | BY26: 5 | CB26: 5 | CE26: 5 | CH26: 5 | CK26: 5 | CN26: 5 | CR26: 0 | CU26: Кол-во позиций в договоре | DH26: =SUM(N29:AR29) -> 2 | DK26: 1 | DN26: 0 | DQ26: 0 | DT26: 0 | DW26: =(DK26-DH26)/'График'!AK8 -> -0.043478261 | EA26: Из звонка в заключенный договор | EO26: =DH25*100/DH22 -> 0.82987552 | EQ26: =((DH25*100/DH22)+EO8)/2 -> 0.41493776 | ET26: Премия за сопровождение проектов за третий месяц | FN26: Вовремя/неверно сданная отчетность | FZ26: 500 | HG26: =sum(GB26:HF26)*FZ26 -> 0
D27: Кол-во оплаченных тестов | N27: 0 | O27: 0 | P27: 0 | R27: 0 | S27: 1 | T27: 0 | U27: 0 | V27: 0 | W27: 0 | X27: 1 | Y27: 1 | Z27: 0 | AA27: 0 | AB27: 0 | AG27: 0 | AH27: 0 | AI27: 0 | AJ27: 0 | AK27: 0 | AM27: 0 | AN27: 0 | AO27: 0 | AP27: 2 | AQ27: 0 | AT27: =SUM(AX27:CO27) -> 0 | AX27: =(AX22*AX26)/100 -> 0 | BA27: =(BA22*BA26)/100 -> 0 | BD27: =(BD22*BD26)/100 -> 0 | BG27: =(BG22*BG26)/100 -> 0 | BJ27: =(BJ22*BJ26)/100 -> 0 | BM27: =(BM22*BM26)/100 -> 0 | BP27: =(BP22*BP26)/100 -> 0 | BS27: =(BS22*BS26)/100 -> 0 | BV27: =(BV22*BV26)/100 -> 0 | BY27: =(BY22*BY26)/100 -> 0 | CB27: =(CB22*CB26)/100 -> 0 | CE27: =(CE22*CE26)/100 -> 0 | CH27: =(CH22*CH26)/100 -> 0 | CK27: =(CK22*CK26)/100 -> 0 | CN27: =(CN22*CN26)/100 -> 0 | CR27: 2500 | CU27: Сумма продаж | DH27: =SUM(O30:AR30) -> 40000 | DK27: 50000 | DN27: =5000*DT27/100 -> 4000 | DQ27: =IF(DH27<DK27,DH27,IF(DH27>=DK27,DK27)) -> 40000 | DT27: =DQ27*100/DK27 -> 80 | DW27: =(DK27-DH27)/'График'!AK8 -> 434.78261 | EA27: Из одобренного теста в проведенный тест | EO27: =DH24*100/DH23 -> 100 | EQ27: =((DH24*100/DH23)+EO9)/2 -> 72.5 | ET27: Зарплата менеджера без учета командного плана | FJ27: =if(FJ23>84,DH27*15%+FJ22,if(FJ23<85,DH27*5%+FJ22)) -> 13410.714 | FN27: Опоздание без ув. причины | FZ27: 800 | HG27: =sum(GB27:HF27)*FZ27 -> 0
D28: Кол-во заключенных договоров | N28: 0 | O28: 0 | P28: 0 | R28: 1 | S28: 0 | T28: 0 | U28: 1 | V28: 0 | W28: 0 | X28: 0 | Y28: 0 | Z28: 0 | AA28: 0 | AB28: 0 | AG28: 0 | AH28: 0 | AI28: 0 | AJ28: 0 | AK28: 0 | AM28: 0 | AN28: 0 | AO28: 0 | AP28: 0 | AQ28: 0 | AT28: Платные тесты | CR28: 10000 | CU28: Командный план | DH28: =sum(DH27+'Александр'!BI28) -> 40000 | DK28: 80000 | DN28: 10000 | DT28: =DH28*100/DK28 -> 50 | DW28: =(DK28-DH28)/'График'!AK8 -> 1739.1304 | EA28: Из одобренного теста в заключенный договор | EO28: =DH25*100/DH23 -> 40 | EQ28: =((DH25*100/DH23)+EO10)/2 -> 20 | ET28: Зарплата менеджера с учетом командного плана | FJ28: =if(DH28>=DK28,FJ27+DN28,if(DH28<DK28,FJ27))-HG30 -> 13410.714 | FN28: Неявка на работу | FZ28: 1500 | HG28: =sum(GB28:HF28)*FZ28 -> 0
D29: Кол-во позиций в договоре | N29: 0 | O29: 0 | P29: 0 | R29: 1 | S29: 0 | T29: 0 | U29: 1 | V29: 0 | W29: 0 | X29: 0 | Y29: 0 | Z29: 0 | AA29: 0 | AB29: 0 | AG29: 0 | AH29: 0 | AI29: 0 | AJ29: 0 | AK29: 0 | AM29: 0 | AN29: 0 | AO29: 0 | AP29: 0 | AQ29: 0 | AT29: Название проекта | AX29: Казань ИП Ильясов | BA29: Ижевск МоллиМеб | BD29: Новомосковск ДругаяМебель | BG29: Уфа М-Дизайн | BJ29: Название Проекта | BM29: Название Проекта | BP29: Название Проекта | BS29: Название Проекта | BV29: Название Проекта | BY29: Название Проекта | CB29: Название Проекта | CE29: Название Проекта | CH29: Название Проекта | CK29: Название Проекта | CN29: Название Проекта | CR29: 0 | CU29: Остаток до выполнения личного плана | DH29: =DK27-DH27 -> 10000 | EA29: Из теста в заключенный договор | EO29: =DH25*100/DH24 -> 40 | EQ29: =((DH25*100/DH24)+EO11)/2 -> 20 | FH29: Итого | FJ29: =sum(FJ24+FJ28+FJ25+FJ26) -> 20410.714 | FN29: Неверно составленное ТЗ | FZ29: 1000 | HG29: =sum(GB29:HF29)*FZ29 -> 0
D30: Сумма продаж | N30: 0 | O30: 0 | P30: 0 | R30: 20000 | S30: 0 | T30: 0 | U30: 20000 | V30: 0 | W30: 0 | X30: 0 | Y30: 0 | Z30: 0 | AA30: 0 | AB30: 0 | AG30: 0 | AH30: 0 | AI30: 0 | AJ30: 0 | AK30: 0 | AM30: 0 | AN30: 0 | AO30: 0 | AP30: 0 | AQ30: 0 | CR30: 0 | CU30: Средний чек | DH30: =DH27/DH25 -> 20000 | HE30: Итого | HG30: =sum(HG24:HG29) -> 0
AT31: Сумма | AX31: 10000 | BA31: 10000 | BD31: 10000 | BG31: 5000 | CR31: 0 | CU31: Общее количество звонков
AT32: 20 | AW32: % | AX32: =AX31*AT32/100 -> 2000 | BA32: =BA31*AT32/100 -> 2000 | BD32: =BD31*AT32/100 -> 2000 | BG32: =BG31*AT32/100 -> 1000 | BJ32: =BJ31*AT32/100 -> 0 | BM32: =BM31*AT32/100 -> 0 | BP32: =BP31*AT32/100 -> 0 | BS32: =BS31*AT32/100 -> 0 | BV32: =BV31*AT32/100 -> 0 | BY32: =BY31*AT32/100 -> 0 | CB32: =CB31*AT32/100 -> 0 | CE32: =CE31*AT32/100 -> 0 | CH32: =CH31*AT32/100 -> 0 | CK32: =CK31*AT32/100 -> 0 | CN32: =CN31*AT32/100 -> 0 | CR32: 0 | CU32: Общее количество минут разговора
CR33: 15000 | CU33: Среднее количество позиций в договоре | DH33: =(DH25/DH26) -> 1
D38: Продажи | AT38: Сопровождение клиентов | CR38: Рассчеты KPI | EA38: Эффективность | ET38: Заработная плата* | FN38: Нарушения регламента работы
A39: Январь 2023 | D39: Показатели | M39: Дата | N39: 44562 | O39: 44563 | P39: 44564 | Q39: 44565 | R39: 44566 | S39: 44567 | T39: 44568 | U39: 44569 | V39: 44570 | W39: 44571 | X39: 44572 | Y39: 44573 | Z39: 44574 | AA39: 44575 | AB39: 44576 | AC39: 44577 | AD39: 44578 | AE39: 44579 | AF39: 44580 | AG39: 44581 | AH39: 44582 | AI39: 44583 | AJ39: 44584 | AK39: 44585 | AL39: 44586 | AM39: 44587 | AN39: 44588 | AO39: 44589 | AP39: 44590 | AQ39: 44591 | AR39: 44592 | AT39: Название проекта | AX39: Саратов Перфектум | CR39: Премия | CU39: Ключевые показатели | DH39: Факт | DK39: План | DN39: Бонус ф. | DQ39: Вып. 100% | DT39: Вып в % | DW39: Днев пл. | EA39: Ключевые конверсии | EO39: Факт* | EQ39: Ср* | ET39: Мотивация менеджера | FJ39: Сумма | FN39: Дисциплинарные нарушения | FZ39: Сумм | GB39: 44317 | GC39: 44318 | GD39: 44319 | GE39: 44320 | GF39: 44321 | GG39: 44322 | GH39: 44323 | GI39: 44324 | GJ39: 44325 | GK39: 44326 | GL39: 44327 | GM39: 44328 | GN39: 44329 | GO39: 44330 | GP39: 44331 | GQ39: 44332 | GR39: 44333 | GS39: 44334 | GT39: 44335 | GU39: 44336 | GV39: 44337 | GW39: 44338 | GX39: 44339 | GY39: 44340 | GZ39: 44341 | HA39: 44342 | HB39: 44343 | HC39: 44344 | HD39: 44345 | HE39: 44346 | HF39: 44347 | HG39: Итого
CU40: Количество новых лидов | DH40: =SUM(N43:AR43) -> 27 | DK40: 0 | DN40: =CR40*DT40/100 -> 0 | DQ40: 0 | DT40: 0 | DW40: =(DK40-DH40)/'График'!AK12 -> -1.173913 | EA40: Из лида в одобренный тест | EO40: =DH42*100/DH40 -> 22.222222 | EQ40: =((DH42*100/DH40)+EO21)/2 -> 18.923611 | ET40: Сумма штрафов | FJ40: =HG49 -> 0
AT41: Сумма | AX41: 25000 | CU41: Количество результативных звонков | DH41: =SUM(N44:AR44) -> 150 | DK41: 80 | DN41: =CR41*DT41/100 -> 0 | DQ41: =IF(DH41<DK41,DH41,IF(DH41>=DK41,DK41)) -> 80 | DT41: =DQ41*100/DK41 -> 100 | DW41: =(DK41-DH41)/'График'!AK12 -> -3.0434783 | EA41: Из лида в оплаченный тест | EO41: =DH43*100/DH40 -> 18.518519 | EQ41: =((DH42*100/DH40)+EO22)/2 -> 18.923611 | ET41: Бонус за выполнение KPI | FJ41: =sum(DN43,DN44,DN46) -> 10000
AT42: Количество | AX42: 1 | BA42: 1 | CU42: Кол-во одобренных тестов | DH42: =SUM(N45:AR45) -> 6 | DK42: 5 | DN42: =CR42*DT42/100 -> 0 | DQ42: =IF(DH42<DK42,DH42,IF(DH42>=DK42,DK42)) -> 5 | DT42: =DQ42*100/DK42 -> 100 | DW42: =(DK42-DH42)/'График'!AK12 -> -0.043478261 | EA42: Из лида в заключенный договор | EO42: =DH44*100/DH40 -> 0 | EQ42: =((DH44*100/DH40)+EO23)/2 -> 3.125 | ET42: Общий % выполнения KPI | FJ42: =sum(DT43,DT44,DT46)/3 -> 33.333333
D43: Кол-во новых лидов | O43: 0 | T43: 0 | U43: 0 | V43: 0 | W43: 0 | X43: 1 | Y43: 0 | Z43: 0 | AA43: 0 | AB43: 0 | AC43: 5 | AE43: 4 | AF43: 0 | AK43: 7 | AL43: 3 | AM43: 2 | AN43: 4 | AQ43: 1 | AT43: 2 месяц | AW43: % | AX43: 10 | BA43: 5 | BD43: 10 | BG43: 10 | BJ43: 10 | BM43: 10 | BP43: 10 | BS43: 10 | BV43: 10 | BY43: 10 | CB43: 10 | CE43: 10 | CH43: 10 | CK43: 10 | CN43: 10 | CR43: 10000 | CU43: Кол-во оплаченных тестов | DH43: =SUM(N46:AR46) -> 5 | DK43: 5 | DN43: =CR43*DT43/100 -> 10000 | DQ43: =IF(DH43<DK43,DH43,IF(DH43>=DK43,DK43)) -> 5 | DT43: =DQ43*100/DK43 -> 100 | DW43: =(DK43-DH43)/'График'!AK12 -> 0 | EA43: Из результативного звонка в одобренный тест | EO43: =DH42*100/DH41 -> 4 | EQ43: =((DH42*100/DH41)+EO24)/2 -> 3.0373444 | ET43: Премия за платные тесты | FJ43: =sum(AX52:CP52) -> 6000 | FN43: Ведение CRM | FZ43: 200 | HG43: =sum(GB43:HF43)*FZ43 -> 0
D44: Кол-во результативных звонков | O44: 1 | T44: 14 | U44: 2 | V44: 22 | W44: 2 | X44: 8 | Y44: 17 | Z44: 9 | AA44: 3 | AB44: 3 | AC44: 7 | AE44: 12 | AF44: 0 | AK44: 6 | AL44: 2 | AM44: 20 | AN44: 6 | AQ44: 16 | AT44: =SUM(AX44:CO44) -> 2500 | AX44: =(AX41*AX43)/100 -> 2500 | BA44: =(BA41*BA43)/100 -> 0 | BD44: =(BD41*BD43)/100 -> 0 | BG44: =(BG41*BG43)/100 -> 0 | BJ44: =(BJ41*BJ43)/100 -> 0 | BM44: =(BM41*BM43)/100 -> 0 | BP44: =(BP41*BP43)/100 -> 0 | BS44: =(BS41*BS43)/100 -> 0 | BV44: =(BV41*BV43)/100 -> 0 | BY44: =(BY41*BY43)/100 -> 0 | CB44: =(CB41*CB43)/100 -> 0 | CE44: =(CE41*CE43)/100 -> 0 | CH44: =(CH41*CH43)/100 -> 0 | CK44: =(CK41*CK43)/100 -> 0 | CN44: =(CN41*CN43)/100 -> 0 | CR44: 2500 | CU44: Кол-во заключенных договоров | DH44: =SUM(N47:AR47) -> 0 | DK44: 1 | DN44: =CR44*DT44/100 -> 0 | DQ44: =IF(DH44<DK44,DH44,IF(DH44>=DK44,DK44)) -> 0 | DT44: =DQ44*100/DK44 -> 0 | DW44: =(DK44-DH44)/'График'!AK12 -> 0.043478261 | EA44: Из звонка в проведенный тест | EO44: =DH43*100/DH41 -> 3.3333333 | EQ44: =((DH43*100/DH41)+EO25)/2 -> 2.7040111 | ET44: Премия за сопровождение проектов за второй месяц | FJ44: =AT44 -> 2500 | FN44: Соблюдение регламентов и скриптов | FZ44: 200 | HG44: =sum(GB44:HF44)*FZ44 -> 0
D45: Кол-во одобренных тестов | O45: 0 | T45: 0 | U45: 0 | V45: 0 | W45: 0 | X45: 1 | Y45: 0 | Z45: 1 | AA45: 1 | AB45: 1 | AC45: 0 | AE45: 1 | AF45: 0 | AK45: 0 | AL45: 0 | AM45: 0 | AN45: 1 | AQ45: 0 | AT45: 3 месяц | AW45: % | BA45: 5 | BD45: 5 | BG45: 5 | BJ45: 5 | BM45: 5 | BP45: 5 | BS45: 5 | BV45: 5 | BY45: 5 | CB45: 5 | CE45: 5 | CH45: 5 | CK45: 5 | CN45: 5 | CU45: Кол-во позиций в договоре | DH45: =SUM(N48:AR48) -> 0 | DK45: 0 | DN45: =CR45*DT45/100 -> 0 | DQ45: 0 | DT45: 0 | DW45: =(DK45-DH45)/'График'!AK12 -> 0 | EA45: Из звонка в заключенный договор | EO45: =DH44*100/DH41 -> 0 | EQ45: =((DH44*100/DH41)+EO26)/2 -> 0.41493776 | ET45: Премия за сопровождение проектов за третий месяц | FJ45: =AT46 -> 0 | FN45: Вовремя/неверно сданная отчетность | FZ45: 500 | HG45: =sum(GB45:HF45)*FZ45 -> 0
D46: Кол-во оплаченных тестов | O46: 0 | T46: 0 | U46: 0 | V46: 0 | W46: 0 | X46: 1 | Y46: 0 | Z46: 0 | AA46: 1 | AB46: 1 | AC46: 0 | AE46: 1 | AF46: 0 | AK46: 1 | AL46: 0 | AM46: 0 | AN46: 0 | AQ46: 0 | AT46: =SUM(AX46:CO46) -> 0 | AX46: =(AX41*AX45)/100 -> 0 | BA46: =(BA41*BA45)/100 -> 0 | BD46: =(BD41*BD45)/100 -> 0 | BG46: =(BG41*BG45)/100 -> 0 | BJ46: =(BJ41*BJ45)/100 -> 0 | BM46: =(BM41*BM45)/100 -> 0 | BP46: =(BP41*BP45)/100 -> 0 | BS46: =(BS41*BS45)/100 -> 0 | BV46: =(BV41*BV45)/100 -> 0 | BY46: =(BY41*BY45)/100 -> 0 | CB46: =(CB41*CB45)/100 -> 0 | CE46: =(CE41*CE45)/100 -> 0 | CH46: =(CH41*CH45)/100 -> 0 | CK46: =(CK41*CK45)/100 -> 0 | CN46: =(CN41*CN45)/100 -> 0 | CR46: 2500 | CU46: Сумма продаж - личная | DH46: =SUM(O49:AR49) -> 0 | DK46: 25000 | DN46: =CR46*DT46/100 -> 0 | DQ46: =IF(DH46<DK46,DH46,IF(DH46>=DK46,DK46)) -> 0 | DT46: =DQ46*100/DK46 -> 0 | DW46: =(DK46-DH46)/'График'!AK12 -> 1086.9565 | EA46: Из одобренного теста в проданный тест | EO46: =DH43*100/DH42 -> 83.333333 | EQ46: =((DH43*100/DH42)+EO27)/2 -> 91.666667 | ET46: Премия за сумму продаж за месяц | FJ46: =if(FJ42>79,DH46*15%,if(FJ42<80,DH46*5%)) -> 0 | FN46: Опоздание без ув. причины | FZ46: 800 | HG46: =sum(GB46:HF46)*FZ46 -> 0
D47: Кол-во заключенных договоров | O47: 0 | T47: 0 | U47: 0 | V47: 0 | W47: 0 | X47: 0 | Y47: 0 | Z47: 0 | AA47: 0 | AB47: 0 | AC47: 0 | AE47: 0 | AF47: 0 | AK47: 0 | AL47: 0 | AM47: 0 | AN47: 0 | AQ47: 0 | CR47: 10000 | CU47: Сумма продаж - командный план | DH47: =sum(DH46+'Александр'!BI46) -> 0 | DK47: 70000 | DN47: =CR47*DT47/100 -> 0 | DQ47: =IF(DH47<DK47,DH47,IF(DH47>=DK47,DK47)) -> 0 | DT47: =DH47*100/DK47 -> 0 | DW47: =(DK47-DH47)/'График'!AK12 -> 3043.4783 | EA47: Из одобренного теста в заключенный договор | EO47: =DH44*100/DH42 -> 0 | EQ47: =((DH44*100/DH42)+EO28)/2 -> 20 | ET47: Зарплата без учета командного плана | FJ47: =if(FJ42>79,DH46*15%,if(FJ42<80,DH46*5%))+FJ41+FJ43+FJ44+FJ45 -> 18500 | FN47: Неявка на работу | FZ47: 1500 | HG47: =sum(GB47:HF47)*FZ47 -> 0
D48: Кол-во позиций в договоре | O48: 0 | T48: 0 | U48: 0 | V48: 0 | W48: 0 | X48: 0 | Y48: 0 | Z48: 0 | AA48: 0 | AB48: 0 | AC48: 0 | AE48: 0 | AF48: 0 | AK48: 0 | AL48: 0 | AM48: 0 | AN48: 0 | AQ48: 0 | AT48: Платные тесты | CU48: Сумма продаж - тесты | DH48: =sum(AX51:CP51) -> 30000 | DK48: 0 | DN48: =CR48*DT48/100 -> #DIV/0! | DQ48: =IF(DH48<DK48,DH48,IF(DH48>=DK48,DK48)) -> 0 | DT48: =DH48*100/DK48 -> #DIV/0! | DW48: =(DK48-DH48)/'График'!AK12 -> -1304.3478 | EA48: Из теста в заключенный договор | EO48: =DH44*100/DH43 -> 0 | EQ48: =((DH44*100/DH43)+EO29)/2 -> 20 | ET48: Итого | FJ48: =if(DH47>=DK47,FJ47+CR47,if(DH47<DK47,FJ47))-HG49 -> 18500 | FN48: Неверно составленное ТЗ | FZ48: 1000 | HG48: =sum(GB48:HF48)*FZ48 -> 0
D49: Сумма продаж | O49: 0 | T49: 0 | U49: 0 | V49: 0 | W49: 0 | X49: 0 | Y49: 0 | Z49: 0 | AA49: 0 | AB49: 0 | AC49: 0 | AE49: 0 | AF49: 0 | AK49: 0 | AL49: 0 | AM49: 0 | AN49: 0 | AQ49: 0 | AT49: Название проекта | AX49: Ростов ТумакМеб | BA49: Москва МСНмебель | BD49: Уфа МысльФорма | BG49: Москва ФантазУюта | BJ49: Название Проекта | BM49: Название Проекта | BP49: Название Проекта | BS49: Название Проекта | BV49: Название Проекта | BY49: Название Проекта | CB49: Название Проекта | CE49: Название Проекта | CH49: Название Проекта | CK49: Название Проекта | CN49: Название Проекта | CU49: Сумма продаж - общая | DH49: =sum(DH46+DH48) -> 30000 | DK49: 0 | DN49: =CR49*DT49/100 -> #DIV/0! | DQ49: =IF(DH49<DK49,DH49,IF(DH49>=DK49,DK49)) -> 0 | DT49: =DH49*100/DK49 -> #DIV/0! | DW49: =(DK49-DH49)/'График'!AK12 -> -1304.3478 | HE49: Итого | HG49: =sum(HG43:HG48) -> 0
CU50: Средний чек | DH50: =DH46/DH44 -> #DIV/0! | DK50: 25000 | DN50: =CR50*DT50/100 -> #DIV/0! | DQ50: =IF(DH50<DK50,DH50,IF(DH50>=DK50,DK50)) -> #DIV/0! | DT50: =DH50*100/DK50 -> #DIV/0! | DW50: =(DK50-DH50)/'График'!AK12 -> #DIV/0!
AT51: Сумма | AX51: 5000 | BA51: 10000 | BD51: 5000 | BG51: 10000 | CU51: Среднее количество позиций в договоре | DH51: =(DH44/DH45) -> #DIV/0! | DK51: 0 | DN51: =CR51*DT51/100 -> #DIV/0! | DQ51: =IF(DH51<DK51,DH51,IF(DH51>=DK51,DK51)) -> #DIV/0! | DT51: =DH51*100/DK51 -> #DIV/0! | DW51: =(DK51-DH51)/'График'!AK12 -> #DIV/0!
AT52: 20 | AW52: % | AX52: =AX51*AT52/100 -> 1000 | BA52: =BA51*AT52/100 -> 2000 | BD52: =BD51*AT52/100 -> 1000 | BG52: =BG51*AT52/100 -> 2000 | BJ52: =BJ51*AT52/100 -> 0 | BM52: =BM51*AT52/100 -> 0 | BP52: =BP51*AT52/100 -> 0 | BS52: =BS51*AT52/100 -> 0 | BV52: =BV51*AT52/100 -> 0 | BY52: =BY51*HH51/100 -> 0 | CB52: =CB51*AT52/100 -> 0 | CE52: =CE51*AT52/100 -> 0 | CH52: =CH51*AT52/100 -> 0 | CK52: =CK51*AT52/100 -> 0 | CN52: =CN51*AT52/100 -> 0 | CR52: =sum(CR40:CT46,CR48,CR49,CR50,CR51) -> 15000 | CU52: Общий % выполнения KPI | DH52: =sum(DT43,DT44,DT46)/3 -> 33.333333 | DK52: 100 | DN52: =sum(DN43,DN44,DN46) -> 10000 | DQ52: =IF(DH52<DK52,DH52,IF(DH52>=DK52,DK52)) -> 33.333333 | DT52: =DH52*100/DK52 -> 33.333333 | DW52: =(DK52-DH52)/'График'!AK12 -> 2.8985507
D56: Продажи | AT56: Сопровождение клиентов | CR56: Рассчеты KPI | EA56: Эффективность | ET56: Заработная плата* | FN56: Нарушения регламента работы
A57: Февраль 2023 | D57: Показатели | M57: Дата | N57: 44562 | O57: 44563 | P57: 44564 | Q57: 44565 | R57: 44566 | S57: 44567 | T57: 44568 | U57: 44569 | V57: 44570 | W57: 44571 | X57: 44572 | Y57: 44573 | Z57: 44574 | AA57: 44575 | AB57: 44576 | AC57: 44577 | AD57: 44578 | AE57: 44579 | AF57: 44580 | AG57: 44581 | AH57: 44582 | AI57: 44583 | AJ57: 44584 | AK57: 44585 | AL57: 44586 | AM57: 44587 | AN57: 44588 | AO57: 44589 | AP57: 44590 | AQ57: 44591 | AR57: 44592 | AT57: Название проекта | AX57: Саратов Перфектум | BA57: Екатеринбург Купе | CR57: Премия | CU57: Ключевые показатели | DH57: Факт | DK57: План | DN57: Бонус ф. | DQ57: Вып. 100% | DT57: Вып в % | DW57: Днев пл. | EA57: Ключевые конверсии | EO57: Факт* | EQ57: Ср* | ET57: Мотивация менеджера | FJ57: Сумма | FN57: Дисциплинарные нарушения | FZ57: Сумм | GB57: 44317 | GC57: 44318 | GD57: 44319 | GE57: 44320 | GF57: 44321 | GG57: 44322 | GH57: 44323 | GI57: 44324 | GJ57: 44325 | GK57: 44326 | GL57: 44327 | GM57: 44328 | GN57: 44329 | GO57: 44330 | GP57: 44331 | GQ57: 44332 | GR57: 44333 | GS57: 44334 | GT57: 44335 | GU57: 44336 | GV57: 44337 | GW57: 44338 | GX57: 44339 | GY57: 44340 | GZ57: 44341 | HA57: 44342 | HB57: 44343 | HC57: 44344 | HD57: 44345 | HE57: 44346 | HF57: 44347 | HG57: Итого
CU58: Количество новых лидов | DH58: =SUM(N61:AR61) -> 18 | DK58: 0 | DN58: =CR58*DT58/100 -> 0 | DQ58: 0 | DT58: 0 | DW58: =(DK58-DH58)/'График'!AK30 -> #DIV/0! | EA58: Из лида в одобренный тест | EO58: =DH60*100/DH58 -> 16.666667 | EQ58: =((DH60*100/DH58)+EO40)/2 -> 19.444444 | ET58: Сумма штрафов | FJ58: =HG67 -> 0
AT59: Сумма | AX59: 25000 | BA59: 25000 | CU59: Количество результативных звонков | DH59: =SUM(N62:AR62) -> 58 | DK59: 80 | DN59: =CR59*DT59/100 -> 0 | DQ59: =IF(DH59<DK59,DH59,IF(DH59>=DK59,DK59)) -> 58 | DT59: =DQ59*100/DK59 -> 72.5 | DW59: =(DK59-DH59)/'График'!AK30 -> #DIV/0! | EA59: Из лида в оплаченный тест | EO59: =DH61*100/DH58 -> 16.666667 | EQ59: =((DH60*100/DH58)+EO41)/2 -> 17.592593 | ET59: Бонус за выполнение KPI | FJ59: =sum(DN61,DN62,DN64) -> 11000
AT60: Количество | AX60: 1 | BA60: 2 | BD60: 3 | CU60: Кол-во одобренных тестов | DH60: =SUM(N63:AR63) -> 3 | DK60: 5 | DN60: =CR60*DT60/100 -> 0 | DQ60: =IF(DH60<DK60,DH60,IF(DH60>=DK60,DK60)) -> 3 | DT60: =DQ60*100/DK60 -> 60 | DW60: =(DK60-DH60)/'График'!AK30 -> #DIV/0! | EA60: Из лида в заключенный договор | EO60: =DH62*100/DH58 -> 5.5555556 | EQ60: =((DH62*100/DH58)+EO42)/2 -> 2.7777778 | ET60: Общий % выполнения KPI | FJ60: =sum(DT61,DT62,DT64)/3 -> 86.666667
D61: Кол-во новых лидов | N61: 1 | O61: 0 | P61: 0 | Q61: 3 | U61: 4 | V61: 9 | W61: 1 | X61: 0 | Z61: 0 | AA61: 0 | AT61: 2 месяц | AW61: % | AX61: 5 | BA61: 5 | BD61: 5 | BG61: 10 | BJ61: 10 | BM61: 10 | BP61: 10 | BS61: 10 | BV61: 10 | BY61: 10 | CB61: 10 | CE61: 10 | CH61: 10 | CK61: 10 | CN61: 10 | CR61: 10000 | CU61: Кол-во оплаченных тестов | DH61: =SUM(N64:AR64) -> 3 | DK61: 5 | DN61: =CR61*DT61/100 -> 6000 | DQ61: =IF(DH61<DK61,DH61,IF(DH61>=DK61,DK61)) -> 3 | DT61: =DQ61*100/DK61 -> 60 | DW61: =(DK61-DH61)/'График'!AK30 -> #DIV/0! | EA61: Из результативного звонка в одобренный тест | EO61: =DH60*100/DH59 -> 5.1724138 | EQ61: =((DH60*100/DH59)+EO43)/2 -> 4.5862069 | ET61: Премия за платные тесты | FJ61: =sum(AX70:CP70) -> 6000 | FN61: Ведение CRM | FZ61: 200 | HG61: =sum(GB61:HF61)*FZ61 -> 0
D62: Кол-во результативных звонков | N62: 8 | O62: 5 | P62: 13 | Q62: 10 | U62: 4 | V62: 7 | W62: 3 | X62: 1 | Z62: 4 | AA62: 3 | AT62: =SUM(AX62:CO62) -> 2500 | AX62: =(AX59*AX61)/100 -> 1250 | BA62: =(BA59*BA61)/100 -> 1250 | BD62: =(BD59*BD61)/100 -> 0 | BG62: =(BG59*BG61)/100 -> 0 | BJ62: =(BJ59*BJ61)/100 -> 0 | BM62: =(BM59*BM61)/100 -> 0 | BP62: =(BP59*BP61)/100 -> 0 | BS62: =(BS59*BS61)/100 -> 0 | BV62: =(BV59*BV61)/100 -> 0 | BY62: =(BY59*BY61)/100 -> 0 | CB62: =(CB59*CB61)/100 -> 0 | CE62: =(CE59*CE61)/100 -> 0 | CH62: =(CH59*CH61)/100 -> 0 | CK62: =(CK59*CK61)/100 -> 0 | CN62: =(CN59*CN61)/100 -> 0 | CR62: 2500 | CU62: Кол-во заключенных договоров | DH62: =SUM(N65:AR65) -> 1 | DK62: 1 | DN62: =CR62*DT62/100 -> 2500 | DQ62: =IF(DH62<DK62,DH62,IF(DH62>=DK62,DK62)) -> 1 | DT62: =DQ62*100/DK62 -> 100 | DW62: =(DK62-DH62)/'График'!AK30 -> #DIV/0! | EA62: Из звонка в проведенный тест | EO62: =DH61*100/DH59 -> 5.1724138 | EQ62: =((DH61*100/DH59)+EO44)/2 -> 4.2528736 | ET62: Премия за сопровождение проектов за второй месяц | FJ62: =AT62 -> 2500 | FN62: Соблюдение регламентов и скриптов | FZ62: 200 | HG62: =sum(GB62:HF62)*FZ62 -> 0
D63: Кол-во одобренных тестов | N63: 2 | O63: 0 | P63: 0 | Q63: 0 | U63: 0 | V63: 0 | W63: 0 | X63: 0 | Z63: 0 | AA63: 1 | AT63: 3 месяц | AW63: % | BA63: 5 | BD63: 5 | BG63: 5 | BJ63: 5 | BM63: 5 | BP63: 5 | BS63: 5 | BV63: 5 | BY63: 5 | CB63: 5 | CE63: 5 | CH63: 5 | CK63: 5 | CN63: 5 | CU63: Кол-во позиций в договоре | DH63: =SUM(N66:AR66) -> 1 | DK63: 0 | DN63: =CR63*DT63/100 -> 0 | DQ63: 0 | DT63: 0 | DW63: =(DK63-DH63)/'График'!AK30 -> #DIV/0! | EA63: Из звонка в заключенный договор | EO63: =DH62*100/DH59 -> 1.7241379 | EQ63: =((DH62*100/DH59)+EO45)/2 -> 0.86206897 | ET63: Премия за сопровождение проектов за третий месяц | FJ63: =AT64 -> 1250 | FN63: Вовремя/неверно сданная отчетность | FZ63: 500 | HG63: =sum(GB63:HF63)*FZ63 -> 0
D64: Кол-во оплаченных тестов | N64: 0 | O64: 0 | P64: 0 | Q64: 0 | U64: 1 | V64: 0 | W64: 0 | X64: 0 | Z64: 0 | AA64: 1 | AK64: 1 | AT64: =SUM(AX64:CO64) -> 1250 | AX64: =(AX59*AX63)/100 -> 0 | BA64: =(BA59*BA63)/100 -> 1250 | BD64: =(BD59*BD63)/100 -> 0 | BG64: =(BG59*BG63)/100 -> 0 | BJ64: =(BJ59*BJ63)/100 -> 0 | BM64: =(BM59*BM63)/100 -> 0 | BP64: =(BP59*BP63)/100 -> 0 | BS64: =(BS59*BS63)/100 -> 0 | BV64: =(BV59*BV63)/100 -> 0 | BY64: =(BY59*BY63)/100 -> 0 | CB64: =(CB59*CB63)/100 -> 0 | CE64: =(CE59*CE63)/100 -> 0 | CH64: =(CH59*CH63)/100 -> 0 | CK64: =(CK59*CK63)/100 -> 0 | CN64: =(CN59*CN63)/100 -> 0 | CR64: 2500 | CU64: Сумма продаж - личная | DH64: =SUM(O67:AR67) -> 25000 | DK64: 25000 | DN64: =CR64*DT64/100 -> 2500 | DQ64: =IF(DH64<DK64,DH64,IF(DH64>=DK64,DK64)) -> 25000 | DT64: =DQ64*100/DK64 -> 100 | DW64: =(DK64-DH64)/'График'!AK30 -> #DIV/0! | EA64: Из одобренного теста в проданный тест | EO64: =DH61*100/DH60 -> 100 | EQ64: =((DH61*100/DH60)+EO46)/2 -> 91.666667 | ET64: Премия за сумму продаж за месяц | FJ64: =if(FJ60>79,DH64*15%,if(FJ60<80,DH64*5%)) -> 3750 | FN64: Опоздание без ув. причины | FZ64: 800 | HG64: =sum(GB64:HF64)*FZ64 -> 0
D65: Кол-во заключенных договоров | N65: 0 | O65: 0 | P65: 0 | Q65: 0 | U65: 0 | V65: 0 | W65: 0 | X65: 0 | Z65: 0 | AA65: 0 | AO65: 1 | CR65: 10000 | CU65: Сумма продаж - командный план | DH65: =sum(DH64+'Александр'!BI64) -> 25000 | DK65: 70000 | DN65: =CR65*DT65/100 -> 3571.4286 | DQ65: =IF(DH65<DK65,DH65,IF(DH65>=DK65,DK65)) -> 25000 | DT65: =DH65*100/DK65 -> 35.714286 | DW65: =(DK65-DH65)/'График'!AK30 -> #DIV/0! | EA65: Из одобренного теста в заключенный договор | EO65: =DH62*100/DH60 -> 33.333333 | EQ65: =((DH62*100/DH60)+EO47)/2 -> 16.666667 | ET65: Зарплата без учета командного плана | FJ65: =if(FJ60>79,DH64*15%,if(FJ60<80,DH64*5%))+FJ59+FJ61+FJ62+FJ63 -> 24500 | FN65: Неявка на работу | FZ65: 1500 | HG65: =sum(GB65:HF65)*FZ65 -> 0
D66: Кол-во позиций в договоре | N66: 0 | O66: 0 | P66: 0 | Q66: 0 | U66: 0 | V66: 0 | W66: 0 | X66: 0 | Z66: 0 | AA66: 0 | AO66: 1 | AT66: Платные тесты | CU66: Сумма продаж - тесты | DH66: =sum(AX69:CP69) -> 30000 | DK66: 0 | DN66: =CR66*DT66/100 -> #DIV/0! | DQ66: =IF(DH66<DK66,DH66,IF(DH66>=DK66,DK66)) -> 0 | DT66: =DH66*100/DK66 -> #DIV/0! | DW66: =(DK66-DH66)/'График'!AK30 -> #DIV/0! | EA66: Из теста в заключенный договор | EO66: =DH62*100/DH61 -> 33.333333 | EQ66: =((DH62*100/DH61)+EO48)/2 -> 16.666667 | ET66: Итого | FJ66: =if(DH65>=DK65,FJ65+CR65,if(DH65<DK65,FJ65))-HG67 -> 24500 | FN66: Неверно составленное ТЗ | FZ66: 1000 | HG66: =sum(GB66:HF66)*FZ66 -> 0
D67: Сумма продаж | N67: 0 | O67: 0 | P67: 0 | Q67: 0 | U67: 0 | V67: 0 | W67: 0 | X67: 0 | Z67: 0 | AA67: 0 | AO67: 25000 | AT67: Название проекта | AX67: Москва Виват | BA67: Кемерово АксельМеб | BD67: РостовНД КухниСУмом | BJ67: Название Проекта | BM67: Название Проекта | BP67: Название Проекта | BS67: Название Проекта | BV67: Название Проекта | BY67: Название Проекта | CB67: Название Проекта | CE67: Название Проекта | CH67: Название Проекта | CK67: Название Проекта | CN67: Название Проекта | CU67: Сумма продаж - общая | DH67: =sum(DH64+DH66) -> 55000 | DK67: 0 | DN67: =CR67*DT67/100 -> #DIV/0! | DQ67: =IF(DH67<DK67,DH67,IF(DH67>=DK67,DK67)) -> 0 | DT67: =DH67*100/DK67 -> #DIV/0! | DW67: =(DK67-DH67)/'График'!AK30 -> #DIV/0! | HE67: Итого | HG67: =sum(HG61:HG66) -> 0
CU68: Средний чек | DH68: =DH64/DH62 -> 25000 | DK68: 25000 | DN68: =CR68*DT68/100 -> 0 | DQ68: =IF(DH68<DK68,DH68,IF(DH68>=DK68,DK68)) -> 25000 | DT68: =DH68*100/DK68 -> 100 | DW68: =(DK68-DH68)/'График'!AK30 -> #DIV/0!
AT69: Сумма | AX69: 10000 | BA69: 10000 | BD69: 10000 | CU69: Среднее количество позиций в договоре | DH69: =(DH62/DH63) -> 1 | DK69: 0 | DN69: =CR69*DT69/100 -> #DIV/0! | DQ69: =IF(DH69<DK69,DH69,IF(DH69>=DK69,DK69)) -> 0 | DT69: =DH69*100/DK69 -> #DIV/0! | DW69: =(DK69-DH69)/'График'!AK30 -> #DIV/0!
AT70: 20 | AW70: % | AX70: =AX69*AT70/100 -> 2000 | BA70: =BA69*AT70/100 -> 2000 | BD70: =BD69*AT70/100 -> 2000 | BG70: =BG69*AT70/100 -> 0 | BJ70: =BJ69*AT70/100 -> 0 | BM70: =BM69*AT70/100 -> 0 | BP70: =BP69*AT70/100 -> 0 | BS70: =BS69*AT70/100 -> 0 | BV70: =BV69*AT70/100 -> 0 | BY70: =BY69*HH69/100 -> 0 | CB70: =CB69*AT70/100 -> 0 | CE70: =CE69*AT70/100 -> 0 | CH70: =CH69*AT70/100 -> 0 | CK70: =CK69*AT70/100 -> 0 | CN70: =CN69*AT70/100 -> 0 | CR70: =sum(CR58:CT64,CR66,CR67,CR68,CR69) -> 15000 | CU70: Общий % выполнения KPI | DH70: =sum(DT61,DT62,DT64)/3 -> 86.666667 | DK70: 100 | DN70: =sum(DN61,DN62,DN64) -> 11000 | DQ70: =IF(DH70<DK70,DH70,IF(DH70>=DK70,DK70)) -> 86.666667 | DT70: =DH70*100/DK70 -> 86.666667 | DW70: =(DK70-DH70)/'График'!AK30 -> #DIV/0!
D74: Продажи | AT74: Сопровождение клиентов | CR74: Рассчеты KPI | EA74: Эффективность | ET74: Заработная плата* | FN74: Нарушения регламента работы
A75: Март 2023 | D75: Показатели | M75: Дата | N75: 44621 | O75: 44622 | P75: 44623 | Q75: 44624 | R75: 44625 | S75: 44626 | T75: 44627 | U75: 44628 | V75: 44629 | W75: 44630 | X75: 44631 | Y75: 44632 | Z75: 44633 | AA75: 44634 | AB75: 44635 | AC75: 44636 | AD75: 44637 | AE75: 44638 | AF75: 44639 | AG75: 44640 | AH75: 44641 | AI75: 44642 | AJ75: 44643 | AK75: 44644 | AL75: 44645 | AM75: 44646 | AN75: 44647 | AO75: 44648 | AP75: 44649 | AQ75: 44650 | AR75: 44651 | AT75: Название проекта | AX75: Красноярск Смарт | BA75: Екатеринбург Купе | BD75: Самара Купе | BG75: Новокузнецк Саяпин | BJ75: Москва КитМодерн | CR75: Премия | CU75: Ключевые показатели | DH75: Факт | DK75: План | DN75: Бонус ф. | DQ75: Вып. 100% | DT75: Вып в % | DW75: Днев пл. | EA75: Ключевые конверсии | EO75: Факт* | EQ75: Ср* | ET75: Мотивация менеджера | FJ75: Сумма | FN75: Дисциплинарные нарушения | FZ75: Сумм | GB75: 44317 | GC75: 44318 | GD75: 44319 | GE75: 44320 | GF75: 44321 | GG75: 44322 | GH75: 44323 | GI75: 44324 | GJ75: 44325 | GK75: 44326 | GL75: 44327 | GM75: 44328 | GN75: 44329 | GO75: 44330 | GP75: 44331 | GQ75: 44332 | GR75: 44333 | GS75: 44334 | GT75: 44335 | GU75: 44336 | GV75: 44337 | GW75: 44338 | GX75: 44339 | GY75: 44340 | GZ75: 44341 | HA75: 44342 | HB75: 44343 | HC75: 44344 | HD75: 44345 | HE75: 44346 | HF75: 44347 | HG75: Итого
CU76: Количество новых лидов | DH76: =SUM(N79:AR79) -> 0 | DK76: 0 | DN76: =CR76*DT76/100 -> 0 | DQ76: 0 | DT76: 0 | DW76: =(DK76-DH76)/'График'!AK48 -> #DIV/0! | EA76: Из лида в одобренный тест | EO76: =DH78*100/DH76 -> #DIV/0! | EQ76: =((DH78*100/DH76)+EO58)/2 -> #DIV/0! | ET76: Сумма штрафов | FJ76: =HG85 -> 0
AT77: Сумма | AX77: 25000 | BA77: 25000 | BD77: 25000 | BG77: 25000 | BJ77: 50000 | CU77: Количество результативных звонков | DH77: =SUM(N80:AR80) -> 0 | DK77: 80 | DN77: =CR77*DT77/100 -> 0 | DQ77: =IF(DH77<DK77,DH77,IF(DH77>=DK77,DK77)) -> 0 | DT77: =DQ77*100/DK77 -> 0 | DW77: =(DK77-DH77)/'График'!AK48 -> #DIV/0! | EA77: Из лида в оплаченный тест | EO77: =DH79*100/DH76 -> #DIV/0! | EQ77: =((DH78*100/DH76)+EO59)/2 -> #DIV/0! | ET77: Бонус за выполнение KPI | FJ77: =sum(DN79,DN80,DN82) -> 6000
AT78: Количество | AX78: 1 | BA78: 2 | BD78: 3 | BG78: 4 | CU78: Кол-во одобренных тестов | DH78: =SUM(N81:AR81) -> 0 | DK78: 5 | DN78: =CR78*DT78/100 -> 0 | DQ78: =IF(DH78<DK78,DH78,IF(DH78>=DK78,DK78)) -> 0 | DT78: =DQ78*100/DK78 -> 0 | DW78: =(DK78-DH78)/'График'!AK48 -> #DIV/0! | EA78: Из лида в заключенный договор | EO78: =DH80*100/DH76 -> #DIV/0! | EQ78: =((DH80*100/DH76)+EO60)/2 -> #DIV/0! | ET78: Общий % выполнения KPI | FJ78: =sum(DT79,DT80,DT82)/3 -> 20
D79: Кол-во новых лидов | AT79: 2 месяц | AW79: % | AX79: 5 | BA79: 5 | BD79: 5 | BG79: 5 | BJ79: 5 | BM79: 10 | BP79: 10 | BS79: 10 | BV79: 10 | BY79: 10 | CB79: 10 | CE79: 10 | CH79: 10 | CK79: 10 | CN79: 10 | CR79: 10000 | CU79: Кол-во оплаченных тестов | DH79: =SUM(N82:AR82) -> 3 | DK79: 5 | DN79: =CR79*DT79/100 -> 6000 | DQ79: =IF(DH79<DK79,DH79,IF(DH79>=DK79,DK79)) -> 3 | DT79: =DQ79*100/DK79 -> 60 | DW79: =(DK79-DH79)/'График'!AK48 -> #DIV/0! | EA79: Из результативного звонка в одобренный тест | EO79: =DH78*100/DH77 -> #DIV/0! | EQ79: =((DH78*100/DH77)+EO61)/2 -> #DIV/0! | ET79: Премия за платные тесты | FJ79: =sum(AX88:CP88) -> 10000 | FN79: Ведение CRM | FZ79: 200 | HG79: =sum(GB79:HF79)*FZ79 -> 0
D80: Кол-во результативных звонков | AT80: =SUM(AX80:CO80) -> 7500 | AX80: =(AX77*AX79)/100 -> 1250 | BA80: =(BA77*BA79)/100 -> 1250 | BD80: =(BD77*BD79)/100 -> 1250 | BG80: =(BG77*BG79)/100 -> 1250 | BJ80: =(BJ77*BJ79)/100 -> 2500 | BM80: =(BM77*BM79)/100 -> 0 | BP80: =(BP77*BP79)/100 -> 0 | BS80: =(BS77*BS79)/100 -> 0 | BV80: =(BV77*BV79)/100 -> 0 | BY80: =(BY77*BY79)/100 -> 0 | CB80: =(CB77*CB79)/100 -> 0 | CE80: =(CE77*CE79)/100 -> 0 | CH80: =(CH77*CH79)/100 -> 0 | CK80: =(CK77*CK79)/100 -> 0 | CN80: =(CN77*CN79)/100 -> 0 | CR80: 2500 | CU80: Кол-во заключенных договоров | DH80: =SUM(N83:AR83) -> 0 | DK80: 1 | DN80: =CR80*DT80/100 -> 0 | DQ80: =IF(DH80<DK80,DH80,IF(DH80>=DK80,DK80)) -> 0 | DT80: =DQ80*100/DK80 -> 0 | DW80: =(DK80-DH80)/'График'!AK48 -> #DIV/0! | EA80: Из звонка в проведенный тест | EO80: =DH79*100/DH77 -> #DIV/0! | EQ80: =((DH79*100/DH77)+EO62)/2 -> #DIV/0! | ET80: Премия за сопровождение проектов за второй месяц | FJ80: =AT80 -> 7500 | FN80: Соблюдение регламентов и скриптов | FZ80: 200 | HG80: =sum(GB80:HF80)*FZ80 -> 0
D81: Кол-во одобренных тестов | AT81: 3 месяц | AW81: % | BA81: 5 | BD81: 5 | BG81: 5 | BJ81: 5 | BM81: 5 | BP81: 5 | BS81: 5 | BV81: 5 | BY81: 5 | CB81: 5 | CE81: 5 | CH81: 5 | CK81: 5 | CN81: 5 | CU81: Кол-во позиций в договоре | DH81: =SUM(N84:AR84) -> 0 | DK81: 0 | DN81: =CR81*DT81/100 -> 0 | DQ81: 0 | DT81: 0 | DW81: =(DK81-DH81)/'График'!AK48 -> #DIV/0! | EA81: Из звонка в заключенный договор | EO81: =DH80*100/DH77 -> #DIV/0! | EQ81: =((DH80*100/DH77)+EO63)/2 -> #DIV/0! | ET81: Премия за сопровождение проектов за третий месяц | FJ81: =AT82 -> 6250 | FN81: Вовремя/неверно сданная отчетность | FZ81: 500 | HG81: =sum(GB81:HF81)*FZ81 -> 0
D82: Кол-во оплаченных тестов | N82: 3 | AT82: =SUM(AX82:CO82) -> 6250 | AX82: =(AX77*AX81)/100 -> 0 | BA82: =(BA77*BA81)/100 -> 1250 | BD82: =(BD77*BD81)/100 -> 1250 | BG82: =(BG77*BG81)/100 -> 1250 | BJ82: =(BJ77*BJ81)/100 -> 2500 | BM82: =(BM77*BM81)/100 -> 0 | BP82: =(BP77*BP81)/100 -> 0 | BS82: =(BS77*BS81)/100 -> 0 | BV82: =(BV77*BV81)/100 -> 0 | BY82: =(BY77*BY81)/100 -> 0 | CB82: =(CB77*CB81)/100 -> 0 | CE82: =(CE77*CE81)/100 -> 0 | CH82: =(CH77*CH81)/100 -> 0 | CK82: =(CK77*CK81)/100 -> 0 | CN82: =(CN77*CN81)/100 -> 0 | CR82: 2500 | CU82: Сумма продаж - личная | DH82: =SUM(O85:AR85) -> 0 | DK82: 25000 | DN82: =CR82*DT82/100 -> 0 | DQ82: =IF(DH82<DK82,DH82,IF(DH82>=DK82,DK82)) -> 0 | DT82: =DQ82*100/DK82 -> 0 | DW82: =(DK82-DH82)/'График'!AK48 -> #DIV/0! | EA82: Из одобренного теста в проданный тест | EO82: =DH79*100/DH78 -> #DIV/0! | EQ82: =((DH79*100/DH78)+EO64)/2 -> #DIV/0! | ET82: Премия за сумму продаж за месяц | FJ82: =if(FJ78>79,DH82*15%,if(FJ78<80,DH82*5%)) -> 0 | FN82: Опоздание без ув. причины | FZ82: 800 | HG82: =sum(GB82:HF82)*FZ82 -> 0
D83: Кол-во заключенных договоров | CR83: 10000 | CU83: Сумма продаж - командный план | DH83: =sum(DH82+'Александр'!BI82) -> 0 | DK83: 70000 | DN83: =CR83*DT83/100 -> 0 | DQ83: =IF(DH83<DK83,DH83,IF(DH83>=DK83,DK83)) -> 0 | DT83: =DH83*100/DK83 -> 0 | DW83: =(DK83-DH83)/'График'!AK48 -> #DIV/0! | EA83: Из одобренного теста в заключенный договор | EO83: =DH80*100/DH78 -> #DIV/0! | EQ83: =((DH80*100/DH78)+EO65)/2 -> #DIV/0! | ET83: Зарплата без учета командного плана | FJ83: =if(FJ78>79,DH82*15%,if(FJ78<80,DH82*5%))+FJ77+FJ79+FJ80+FJ81 -> 29750 | FN83: Неявка на работу | FZ83: 1500 | HG83: =sum(GB83:HF83)*FZ83 -> 0
D84: Кол-во позиций в договоре | AT84: Платные тесты | CU84: Сумма продаж - тесты | DH84: =sum(AX87:CP87) -> 50000 | DK84: 0 | DN84: =CR84*DT84/100 -> #DIV/0! | DQ84: =IF(DH84<DK84,DH84,IF(DH84>=DK84,DK84)) -> 0 | DT84: =DH84*100/DK84 -> #DIV/0! | DW84: =(DK84-DH84)/'График'!AK48 -> #DIV/0! | EA84: Из теста в заключенный договор | EO84: =DH80*100/DH79 -> 0 | EQ84: =((DH80*100/DH79)+EO66)/2 -> 16.666667 | ET84: Итого | FJ84: =if(DH83>=DK83,FJ83+CR83,if(DH83<DK83,FJ83))-HG85 -> 29750 | FN84: Неверно составленное ТЗ | FZ84: 1000 | HG84: =sum(GB84:HF84)*FZ84 -> 0
D85: Сумма продаж | AT85: Название проекта | AX85: Кемерово Аксель | BA85: Екатеринбург Эдельвейс | BD85: СевОсетия МебСити | BJ85: Название Проекта | BM85: Название Проекта | BP85: Название Проекта | BS85: Название Проекта | BV85: Название Проекта | BY85: Название Проекта | CB85: Название Проекта | CE85: Название Проекта | CH85: Название Проекта | CK85: Название Проекта | CN85: Название Проекта | CU85: Сумма продаж - общая | DH85: =sum(DH82+DH84) -> 50000 | DK85: 0 | DN85: =CR85*DT85/100 -> #DIV/0! | DQ85: =IF(DH85<DK85,DH85,IF(DH85>=DK85,DK85)) -> 0 | DT85: =DH85*100/DK85 -> #DIV/0! | DW85: =(DK85-DH85)/'График'!AK48 -> #DIV/0! | HE85: Итого | HG85: =sum(HG79:HG84) -> 0
CU86: Средний чек | DH86: =DH82/DH80 -> #DIV/0! | DK86: 25000 | DN86: =CR86*DT86/100 -> #DIV/0! | DQ86: =IF(DH86<DK86,DH86,IF(DH86>=DK86,DK86)) -> #DIV/0! | DT86: =DH86*100/DK86 -> #DIV/0! | DW86: =(DK86-DH86)/'График'!AK48 -> #DIV/0!
AT87: Сумма | AX87: 25000 | BA87: 10000 | BD87: 15000 | CU87: Среднее количество позиций в договоре | DH87: =(DH80/DH81) -> #DIV/0! | DK87: 0 | DN87: =CR87*DT87/100 -> #DIV/0! | DQ87: =IF(DH87<DK87,DH87,IF(DH87>=DK87,DK87)) -> #DIV/0! | DT87: =DH87*100/DK87 -> #DIV/0! | DW87: =(DK87-DH87)/'График'!AK48 -> #DIV/0!
AT88: 20 | AW88: % | AX88: =AX87*AT88/100 -> 5000 | BA88: =BA87*AT88/100 -> 2000 | BD88: =BD87*AT88/100 -> 3000 | BG88: =BG87*AT88/100 -> 0 | BJ88: =BJ87*AT88/100 -> 0 | BM88: =BM87*AT88/100 -> 0 | BP88: =BP87*AT88/100 -> 0 | BS88: =BS87*AT88/100 -> 0 | BV88: =BV87*AT88/100 -> 0 | BY88: =BY87*HH87/100 -> 0 | CB88: =CB87*AT88/100 -> 0 | CE88: =CE87*AT88/100 -> 0 | CH88: =CH87*AT88/100 -> 0 | CK88: =CK87*AT88/100 -> 0 | CN88: =CN87*AT88/100 -> 0 | CR88: =sum(CR76:CT82,CR84,CR85,CR86,CR87) -> 15000 | CU88: Общий % выполнения KPI | DH88: =sum(DT79,DT80,DT82)/3 -> 20 | DK88: 100 | DN88: =sum(DN79,DN80,DN82) -> 6000 | DQ88: =IF(DH88<DK88,DH88,IF(DH88>=DK88,DK88)) -> 20 | DT88: =DH88*100/DK88 -> 20 | DW88: =(DK88-DH88)/'График'!AK48 -> #DIV/0!
D92: Продажи | AT92: Сопровождение клиентов | CR92: Рассчеты KPI | EA92: Эффективность | ET92: Заработная плата* | FN92: Нарушения регламента работы
A93: Апрель 2023 | D93: Показатели | M93: Дата | N93: 44562 | O93: 44563 | P93: 44564 | Q93: 44565 | R93: 44566 | S93: 44567 | T93: 44568 | U93: 44569 | V93: 44570 | W93: 44571 | X93: 44572 | Y93: 44573 | Z93: 44574 | AA93: 44575 | AB93: 44576 | AC93: 44577 | AD93: 44578 | AE93: 44579 | AF93: 44580 | AG93: 44581 | AH93: 44582 | AI93: 44583 | AJ93: 44584 | AK93: 44585 | AL93: 44586 | AM93: 44587 | AN93: 44588 | AO93: 44589 | AP93: 44590 | AQ93: 44591 | AR93: 44592 | AT93: Название проекта | AX93: СевОсетия МебСити | BA93: Красноярск Смарт | CR93: Премия | CU93: Ключевые показатели | DH93: Факт | DK93: План | DN93: Бонус ф. | DQ93: Вып. 100% | DT93: Вып в % | DW93: Днев пл. | EA93: Ключевые конверсии | EO93: Факт* | EQ93: Ср* | ET93: Мотивация менеджера | FJ93: Сумма | FN93: Дисциплинарные нарушения | FZ93: Сумм | GB93: 44317 | GC93: 44318 | GD93: 44319 | GE93: 44320 | GF93: 44321 | GG93: 44322 | GH93: 44323 | GI93: 44324 | GJ93: 44325 | GK93: 44326 | GL93: 44327 | GM93: 44328 | GN93: 44329 | GO93: 44330 | GP93: 44331 | GQ93: 44332 | GR93: 44333 | GS93: 44334 | GT93: 44335 | GU93: 44336 | GV93: 44337 | GW93: 44338 | GX93: 44339 | GY93: 44340 | GZ93: 44341 | HA93: 44342 | HB93: 44343 | HC93: 44344 | HD93: 44345 | HE93: 44346 | HF93: 44347 | HG93: Итого
CU94: Количество новых лидов | DH94: =SUM(N97:AR97) -> 0 | DK94: 0 | DN94: =CR94*DT94/100 -> 0 | DQ94: 0 | DT94: 0 | DW94: =(DK94-DH94)/'График'!AK66 -> #DIV/0! | EA94: Из лида в одобренный тест | EO94: =DH96*100/DH94 -> #DIV/0! | EQ94: =((DH96*100/DH94)+EO76)/2 -> #DIV/0! | ET94: Сумма штрафов | FJ94: =HG103 -> 0
AT95: Сумма | AX95: 20000 | BA95: 25000 | CU95: Количество результативных звонков | DH95: =SUM(N98:AR98) -> 0 | DK95: 80 | DN95: =CR95*DT95/100 -> 0 | DQ95: =IF(DH95<DK95,DH95,IF(DH95>=DK95,DK95)) -> 0 | DT95: =DQ95*100/DK95 -> 0 | DW95: =(DK95-DH95)/'График'!AK66 -> #DIV/0! | EA95: Из лида в оплаченный тест | EO95: =DH97*100/DH94 -> #DIV/0! | EQ95: =((DH96*100/DH94)+EO77)/2 -> #DIV/0! | ET95: Бонус за выполнение KPI | FJ95: =sum(DN97,DN98,DN100) -> 4000
AT96: Количество | AX96: 1 | BA96: 2 | BD96: 3 | CU96: Кол-во одобренных тестов | DH96: =SUM(N99:AR99) -> 0 | DK96: 5 | DN96: =CR96*DT96/100 -> 0 | DQ96: =IF(DH96<DK96,DH96,IF(DH96>=DK96,DK96)) -> 0 | DT96: =DQ96*100/DK96 -> 0 | DW96: =(DK96-DH96)/'График'!AK66 -> #DIV/0! | EA96: Из лида в заключенный договор | EO96: =DH98*100/DH94 -> #DIV/0! | EQ96: =((DH98*100/DH94)+EO78)/2 -> #DIV/0! | ET96: Общий % выполнения KPI | FJ96: =sum(DT97,DT98,DT100)/3 -> 53.333333
D97: Кол-во новых лидов | AT97: 2 месяц | AW97: % | AX97: 5 | BA97: 5 | BD97: 5 | BG97: 10 | BJ97: 10 | BM97: 10 | BP97: 10 | BS97: 10 | BV97: 10 | BY97: 10 | CB97: 10 | CE97: 10 | CH97: 10 | CK97: 10 | CN97: 10 | CR97: 10000 | CU97: Кол-во оплаченных тестов | DH97: =SUM(N100:AR100) -> 0 | DK97: 5 | DN97: =CR97*DT97/100 -> 0 | DQ97: =IF(DH97<DK97,DH97,IF(DH97>=DK97,DK97)) -> 0 | DT97: =DQ97*100/DK97 -> 0 | DW97: =(DK97-DH97)/'График'!AK66 -> #DIV/0! | EA97: Из результативного звонка в одобренный тест | EO97: =DH96*100/DH95 -> #DIV/0! | EQ97: =((DH96*100/DH95)+EO79)/2 -> #DIV/0! | ET97: Премия за платные тесты | FJ97: =sum(AX106:CP106) -> 0 | FN97: Ведение CRM | FZ97: 200 | HG97: =sum(GB97:HF97)*FZ97 -> 0
D98: Кол-во результативных звонков | AT98: =SUM(AX98:CO98) -> 2250 | AX98: =(AX95*AX97)/100 -> 1000 | BA98: =(BA95*BA97)/100 -> 1250 | BD98: =(BD95*BD97)/100 -> 0 | BG98: =(BG95*BG97)/100 -> 0 | BJ98: =(BJ95*BJ97)/100 -> 0 | BM98: =(BM95*BM97)/100 -> 0 | BP98: =(BP95*BP97)/100 -> 0 | BS98: =(BS95*BS97)/100 -> 0 | BV98: =(BV95*BV97)/100 -> 0 | BY98: =(BY95*BY97)/100 -> 0 | CB98: =(CB95*CB97)/100 -> 0 | CE98: =(CE95*CE97)/100 -> 0 | CH98: =(CH95*CH97)/100 -> 0 | CK98: =(CK95*CK97)/100 -> 0 | CN98: =(CN95*CN97)/100 -> 0 | CR98: 2500 | CU98: Кол-во заключенных договоров | DH98: =SUM(N101:AR101) -> 1 | DK98: 1 | DN98: =CR98*DT98/100 -> 2500 | DQ98: =IF(DH98<DK98,DH98,IF(DH98>=DK98,DK98)) -> 1 | DT98: =DQ98*100/DK98 -> 100 | DW98: =(DK98-DH98)/'График'!AK66 -> #DIV/0! | EA98: Из звонка в проведенный тест | EO98: =DH97*100/DH95 -> #DIV/0! | EQ98: =((DH97*100/DH95)+EO80)/2 -> #DIV/0! | ET98: Премия за сопровождение проектов за второй месяц | FJ98: =AT98 -> 2250 | FN98: Соблюдение регламентов и скриптов | FZ98: 200 | HG98: =sum(GB98:HF98)*FZ98 -> 0
D99: Кол-во одобренных тестов | AT99: 3 месяц | AW99: % | BA99: 5 | BD99: 5 | BG99: 5 | BJ99: 5 | BM99: 5 | BP99: 5 | BS99: 5 | BV99: 5 | BY99: 5 | CB99: 5 | CE99: 5 | CH99: 5 | CK99: 5 | CN99: 5 | CU99: Кол-во позиций в договоре | DH99: =SUM(N102:AR102) -> 0 | DK99: 0 | DN99: =CR99*DT99/100 -> 0 | DQ99: 0 | DT99: 0 | DW99: =(DK99-DH99)/'График'!AK66 -> #DIV/0! | EA99: Из звонка в заключенный договор | EO99: =DH98*100/DH95 -> #DIV/0! | EQ99: =((DH98*100/DH95)+EO81)/2 -> #DIV/0! | ET99: Премия за сопровождение проектов за третий месяц | FJ99: =AT100 -> 1250 | FN99: Вовремя/неверно сданная отчетность | FZ99: 500 | HG99: =sum(GB99:HF99)*FZ99 -> 0
D100: Кол-во оплаченных тестов | AT100: =SUM(AX100:CO100) -> 1250 | AX100: =(AX95*AX99)/100 -> 0 | BA100: =(BA95*BA99)/100 -> 1250 | BD100: =(BD95*BD99)/100 -> 0 | BG100: =(BG95*BG99)/100 -> 0 | BJ100: =(BJ95*BJ99)/100 -> 0 | BM100: =(BM95*BM99)/100 -> 0 | BP100: =(BP95*BP99)/100 -> 0 | BS100: =(BS95*BS99)/100 -> 0 | BV100: =(BV95*BV99)/100 -> 0 | BY100: =(BY95*BY99)/100 -> 0 | CB100: =(CB95*CB99)/100 -> 0 | CE100: =(CE95*CE99)/100 -> 0 | CH100: =(CH95*CH99)/100 -> 0 | CK100: =(CK95*CK99)/100 -> 0 | CN100: =(CN95*CN99)/100 -> 0 | CR100: 2500 | CU100: Сумма продаж - личная | DH100: =SUM(O103:AR103) -> 15000 | DK100: 25000 | DN100: =CR100*DT100/100 -> 1500 | DQ100: =IF(DH100<DK100,DH100,IF(DH100>=DK100,DK100)) -> 15000 | DT100: =DQ100*100/DK100 -> 60 | DW100: =(DK100-DH100)/'График'!AK66 -> #DIV/0! | EA100: Из одобренного теста в проданный тест | EO100: =DH97*100/DH96 -> #DIV/0! | EQ100: =((DH97*100/DH96)+EO82)/2 -> #DIV/0! | ET100: Премия за сумму продаж за месяц | FJ100: =if(FJ96>79,DH100*15%,if(FJ96<80,DH100*5%)) -> 750 | FN100: Опоздание без ув. причины | FZ100: 800 | HG100: =sum(GB100:HF100)*FZ100 -> 0
D101: Кол-во заключенных договоров | Q101: 1 | CR101: 10000 | CU101: Сумма продаж - командный план | DH101: =sum(DH100+'Александр'!BI100) -> 15000 | DK101: 70000 | DN101: =CR101*DT101/100 -> 2142.8571 | DQ101: =IF(DH101<DK101,DH101,IF(DH101>=DK101,DK101)) -> 15000 | DT101: =DH101*100/DK101 -> 21.428571 | DW101: =(DK101-DH101)/'График'!AK66 -> #DIV/0! | EA101: Из одобренного теста в заключенный договор | EO101: =DH98*100/DH96 -> #DIV/0! | EQ101: =((DH98*100/DH96)+EO83)/2 -> #DIV/0! | ET101: Зарплата без учета командного плана | FJ101: =if(FJ96>79,DH100*15%,if(FJ96<80,DH100*5%))+FJ95+FJ97+FJ98+FJ99 -> 8250 | FN101: Неявка на работу | FZ101: 1500 | HG101: =sum(GB101:HF101)*FZ101 -> 0
D102: Кол-во позиций в договоре | AT102: Платные тесты | CU102: Сумма продаж - тесты | DH102: =sum(AX105:CP105) -> 0 | DK102: 0 | DN102: =CR102*DT102/100 -> #DIV/0! | DQ102: =IF(DH102<DK102,DH102,IF(DH102>=DK102,DK102)) -> 0 | DT102: =DH102*100/DK102 -> #DIV/0! | DW102: =(DK102-DH102)/'График'!AK66 -> #DIV/0! | EA102: Из теста в заключенный договор | EO102: =DH98*100/DH97 -> #DIV/0! | EQ102: =((DH98*100/DH97)+EO84)/2 -> #DIV/0! | ET102: Итого | FJ102: =if(DH101>=DK101,FJ101+CR101,if(DH101<DK101,FJ101))-HG103 -> 8250 | FN102: Неверно составленное ТЗ | FZ102: 1000 | HG102: =sum(GB102:HF102)*FZ102 -> 0
D103: Сумма продаж | Q103: 15000 | AT103: Название проекта | BJ103: Название Проекта | BM103: Название Проекта | BP103: Название Проекта | BS103: Название Проекта | BV103: Название Проекта | BY103: Название Проекта | CB103: Название Проекта | CE103: Название Проекта | CH103: Название Проекта | CK103: Название Проекта | CN103: Название Проекта | CU103: Сумма продаж - общая | DH103: =sum(DH100+DH102) -> 15000 | DK103: 0 | DN103: =CR103*DT103/100 -> #DIV/0! | DQ103: =IF(DH103<DK103,DH103,IF(DH103>=DK103,DK103)) -> 0 | DT103: =DH103*100/DK103 -> #DIV/0! | DW103: =(DK103-DH103)/'График'!AK66 -> #DIV/0! | HE103: Итого | HG103: =sum(HG97:HG102) -> 0
CU104: Средний чек | DH104: =DH100/DH98 -> 15000 | DK104: 25000 | DN104: =CR104*DT104/100 -> 0 | DQ104: =IF(DH104<DK104,DH104,IF(DH104>=DK104,DK104)) -> 15000 | DT104: =DH104*100/DK104 -> 60 | DW104: =(DK104-DH104)/'График'!AK66 -> #DIV/0!
AT105: Сумма | CU105: Среднее количество позиций в договоре | DH105: =(DH98/DH99) -> #DIV/0! | DK105: 0 | DN105: =CR105*DT105/100 -> #DIV/0! | DQ105: =IF(DH105<DK105,DH105,IF(DH105>=DK105,DK105)) -> #DIV/0! | DT105: =DH105*100/DK105 -> #DIV/0! | DW105: =(DK105-DH105)/'График'!AK66 -> #DIV/0!
AT106: 20 | AW106: % | AX106: =AX105*AT106/100 -> 0 | BA106: =BA105*AT106/100 -> 0 | BD106: =BD105*AT106/100 -> 0 | BG106: =BG105*AT106/100 -> 0 | BJ106: =BJ105*AT106/100 -> 0 | BM106: =BM105*AT106/100 -> 0 | BP106: =BP105*AT106/100 -> 0 | BS106: =BS105*AT106/100 -> 0 | BV106: =BV105*AT106/100 -> 0 | BY106: =BY105*HH105/100 -> 0 | CB106: =CB105*AT106/100 -> 0 | CE106: =CE105*AT106/100 -> 0 | CH106: =CH105*AT106/100 -> 0 | CK106: =CK105*AT106/100 -> 0 | CN106: =CN105*AT106/100 -> 0 | CR106: =sum(CR94:CT100,CR102,CR103,CR104,CR105) -> 15000 | CU106: Общий % выполнения KPI | DH106: =sum(DT97,DT98,DT100)/3 -> 53.333333 | DK106: 100 | DN106: =sum(DN97,DN98,DN100) -> 4000 | DQ106: =IF(DH106<DK106,DH106,IF(DH106>=DK106,DK106)) -> 53.333333 | DT106: =DH106*100/DK106 -> 53.333333 | DW106: =(DK106-DH106)/'График'!AK66 -> #DIV/0!

Sheet Менеджер 2
D3: Продажи | AT3: Сопровождение клиентов | CR3: Рассчеты KPI | EA3: Эффективность | ET3: Заработная плата* | FN3: Нарушения регламента работы
A4: Январь 2023 | D4: Показатели | M4: Дата | N4: 44228 | O4: 44229 | P4: 44230 | Q4: 44231 | R4: 44232 | S4: 44233 | T4: 44234 | U4: 44235 | V4: 44236 | W4: 44237 | X4: 44238 | Y4: 44239 | Z4: 44240 | AA4: 44241 | AB4: 44242 | AC4: 44243 | AD4: 44244 | AE4: 44245 | AF4: 44246 | AG4: 44247 | AH4: 44248 | AI4: 44249 | AJ4: 44250 | AK4: 44251 | AL4: 44252 | AM4: 44253 | AN4: 44254 | AO4: 44255 | AP4: 44256 | AQ4: 44257 | AR4: 44258 | AT4: Название проекта | CR4: Премия | CU4: Ключевые показатели | DH4: Факт | DK4: План | DN4: Бонус ф. | DQ4: Вып. 100% | DT4: Вып в % | DW4: Днев пл. | EA4: Ключевые конверсии | EO4: Факт* | EQ4: Ср* | ET4: Мотивация менеджера | FJ4: Сумма | FN4: Дисциплинарные нарушения | FZ4: Сумм | GB4: 44317 | GC4: 44318 | GD4: 44319 | GE4: 44320 | GF4: 44321 | GG4: 44322 | GH4: 44323 | GI4: 44324 | GJ4: 44325 | GK4: 44326 | GL4: 44327 | GM4: 44328 | GN4: 44329 | GO4: 44330 | GP4: 44331 | GQ4: 44332 | GR4: 44333 | GS4: 44334 | GT4: 44335 | GU4: 44336 | GV4: 44337 | GW4: 44338 | GX4: 44339 | GY4: 44340 | GZ4: 44341 | HA4: 44342 | HB4: 44343 | HC4: 44344 | HD4: 44345 | HE4: 44346 | HF4: 44347 | HG4: Итого
CU5: Количество новых лидов | DH5: =SUM(N8:AR8) -> 0 | DK5: 0 | DN5: =CR5*DT5/100 -> 0 | DQ5: 0 | DT5: 0 | DW5: =(DK5-DH5)/#REF! -> #REF! | EA5: Из лида в одобренный тест | EO5: =DH7*100/DH5 -> #DIV/0! | EQ5: =((DH7*100/DH5)+#REF!)/2 -> #DIV/0! | ET5: Сумма штрафов | FJ5: =HG14 -> 0
AT6: Сумма | AX6: 25000 | CU6: Количество результативных звонков | DH6: =SUM(N9:AR9) -> 0 | DK6: 80 | DN6: =CR6*DT6/100 -> 0 | DQ6: =IF(DH6<DK6,DH6,IF(DH6>=DK6,DK6)) -> 0 | DT6: =DQ6*100/DK6 -> 0 | DW6: =(DK6-DH6)/#REF! -> #REF! | EA6: Из лида в оплаченный тест | EO6: =DH8*100/DH5 -> #DIV/0! | EQ6: =((DH7*100/DH5)+#REF!)/2 -> #DIV/0! | ET6: Бонус за выполнение KPI | FJ6: =sum(DN8,DN9,DN11) -> 0
AT7: Количество | AX7: 1 | CU7: Кол-во одобренных тестов | DH7: =SUM(N10:AR10) -> 0 | DK7: 5 | DN7: =CR7*DT7/100 -> 0 | DQ7: =IF(DH7<DK7,DH7,IF(DH7>=DK7,DK7)) -> 0 | DT7: =DQ7*100/DK7 -> 0 | DW7: =(DK7-DH7)/#REF! -> #REF! | EA7: Из лида в заключенный договор | EO7: =DH9*100/DH5 -> #DIV/0! | EQ7: =((DH9*100/DH5)+#REF!)/2 -> #DIV/0! | ET7: Общий % выполнения KPI | FJ7: =sum(DT8,DT9,DT11)/3 -> 0
D8: Кол-во новых лидов | AT8: 2 месяц | AW8: % | AX8: 10 | BA8: 10 | BD8: 10 | BG8: 10 | BJ8: 10 | BM8: 10 | BP8: 10 | BS8: 10 | BV8: 10 | BY8: 10 | CB8: 10 | CE8: 10 | CH8: 10 | CK8: 10 | CN8: 10 | CR8: 10000 | CU8: Кол-во оплаченных тестов | DH8: =SUM(N11:AR11) -> 0 | DK8: 5 | DN8: =CR8*DT8/100 -> 0 | DQ8: =IF(DH8<DK8,DH8,IF(DH8>=DK8,DK8)) -> 0 | DT8: =DQ8*100/DK8 -> 0 | DW8: =(DK8-DH8)/#REF! -> #REF! | EA8: Из результативного звонка в одобренный тест | EO8: =DH7*100/DH6 -> #DIV/0! | EQ8: =((DH7*100/DH6)+#REF!)/2 -> #DIV/0! | ET8: Премия за платные тесты | FJ8: =sum(AX17:CP17) -> 0 | FN8: Ведение CRM | FZ8: 200 | HG8: =sum(GB8:HF8)*FZ8 -> 0
D9: Кол-во результативных звонков | AT9: =SUM(AX9:CO9) -> 2500 | AX9: =(AX6*AX8)/100 -> 2500 | BA9: =(BA6*BA8)/100 -> 0 | BD9: =(BD6*BD8)/100 -> 0 | BG9: =(BG6*BG8)/100 -> 0 | BJ9: =(BJ6*BJ8)/100 -> 0 | BM9: =(BM6*BM8)/100 -> 0 | BP9: =(BP6*BP8)/100 -> 0 | BS9: =(BS6*BS8)/100 -> 0 | BV9: =(BV6*BV8)/100 -> 0 | BY9: =(BY6*BY8)/100 -> 0 | CB9: =(CB6*CB8)/100 -> 0 | CE9: =(CE6*CE8)/100 -> 0 | CH9: =(CH6*CH8)/100 -> 0 | CK9: =(CK6*CK8)/100 -> 0 | CN9: =(CN6*CN8)/100 -> 0 | CR9: 2500 | CU9: Кол-во заключенных договоров | DH9: =SUM(N12:AR12) -> 0 | DK9: 2 | DN9: =CR9*DT9/100 -> 0 | DQ9: =IF(DH9<DK9,DH9,IF(DH9>=DK9,DK9)) -> 0 | DT9: =DQ9*100/DK9 -> 0 | DW9: =(DK9-DH9)/#REF! -> #REF! | EA9: Из звонка в проведенный тест | EO9: =DH8*100/DH6 -> #DIV/0! | EQ9: =((DH8*100/DH6)+#REF!)/2 -> #DIV/0! | ET9: Премия за сопровождение проектов за второй месяц | FJ9: =AT9 -> 2500 | FN9: Соблюдение регламентов и скриптов | FZ9: 200 | HG9: =sum(GB9:HF9)*FZ9 -> 0
D10: Кол-во одобренных тестов | AT10: 3 месяц | AW10: % | BA10: 5 | BD10: 5 | BG10: 5 | BJ10: 5 | BM10: 5 | BP10: 5 | BS10: 5 | BV10: 5 | BY10: 5 | CB10: 5 | CE10: 5 | CH10: 5 | CK10: 5 | CN10: 5 | CU10: Кол-во позиций в договоре | DH10: =SUM(N13:AR13) -> 0 | DK10: 0 | DN10: =CR10*DT10/100 -> 0 | DQ10: 0 | DT10: 0 | DW10: =(DK10-DH10)/#REF! -> #REF! | EA10: Из звонка в заключенный договор | EO10: =DH9*100/DH6 -> #DIV/0! | EQ10: =((DH9*100/DH6)+#REF!)/2 -> #DIV/0! | ET10: Премия за сопровождение проектов за третий месяц | FJ10: =AT11 -> 0 | FN10: Вовремя/неверно сданная отчетность | FZ10: 500 | HG10: =sum(GB10:HF10)*FZ10 -> 0
D11: Кол-во оплаченных тестов | AT11: =SUM(AX11:CO11) -> 0 | AX11: =(AX6*AX10)/100 -> 0 | BA11: =(BA6*BA10)/100 -> 0 | BD11: =(BD6*BD10)/100 -> 0 | BG11: =(BG6*BG10)/100 -> 0 | BJ11: =(BJ6*BJ10)/100 -> 0 | BM11: =(BM6*BM10)/100 -> 0 | BP11: =(BP6*BP10)/100 -> 0 | BS11: =(BS6*BS10)/100 -> 0 | BV11: =(BV6*BV10)/100 -> 0 | BY11: =(BY6*BY10)/100 -> 0 | CB11: =(CB6*CB10)/100 -> 0 | CE11: =(CE6*CE10)/100 -> 0 | CH11: =(CH6*CH10)/100 -> 0 | CK11: =(CK6*CK10)/100 -> 0 | CN11: =(CN6*CN10)/100 -> 0 | CR11: 2500 | CU11: Сумма продаж - личная | DH11: =SUM(O14:AR14) -> 0 | DK11: 40000 | DN11: =CR11*DT11/100 -> 0 | DQ11: =IF(DH11<DK11,DH11,IF(DH11>=DK11,DK11)) -> 0 | DT11: =DQ11*100/DK11 -> 0 | DW11: =(DK11-DH11)/#REF! -> #REF! | EA11: Из одобренного теста в проданный тест | EO11: =DH8*100/DH7 -> #DIV/0! | EQ11: =((DH8*100/DH7)+#REF!)/2 -> #DIV/0! | ET11: Премия за сумму продаж за месяц | FJ11: =if(FJ7>79,DH11*15%,if(FJ7<80,DH11*5%)) -> 0 | FN11: Опоздание без ув. причины | FZ11: 800 | HG11: =sum(GB11:HF11)*FZ11 -> 0
D12: Кол-во заключенных договоров | CR12: 10000 | CU12: Сумма продаж - командный план | DH12: =sum(DH11) -> 0 | DK12: 80000 | DN12: =CR12*DT12/100 -> 0 | DQ12: =IF(DH12<DK12,DH12,IF(DH12>=DK12,DK12)) -> 0 | DT12: =DH12*100/DK12 -> 0 | DW12: =(DK12-DH12)/#REF! -> #REF! | EA12: Из одобренного теста в заключенный договор | EO12: =DH9*100/DH7 -> #DIV/0! | EQ12: =((DH9*100/DH7)+#REF!)/2 -> #DIV/0! | ET12: Зарплата без учета командного плана | FJ12: =if(FJ7>79,DH11*15%,if(FJ7<80,DH11*5%))+FJ6+FJ8+FJ9+FJ10 -> 2500 | FN12: Неявка на работу | FZ12: 1500 | HG12: =sum(GB12:HF12)*FZ12 -> 0
D13: Кол-во позиций в договоре | AT13: Платные тесты | CU13: Сумма продаж - тесты | DH13: =sum(AX16:CP16) -> 0 | DK13: 0 | DN13: =CR13*DT13/100 -> #DIV/0! | DQ13: =IF(DH13<DK13,DH13,IF(DH13>=DK13,DK13)) -> 0 | DT13: =DH13*100/DK13 -> #DIV/0! | DW13: =(DK13-DH13)/#REF! -> #REF! | EA13: Из теста в заключенный договор | EO13: =DH9*100/DH8 -> #DIV/0! | EQ13: =((DH9*100/DH8)+#REF!)/2 -> #DIV/0! | ET13: Итого | FJ13: =if(DH12>=DK12,FJ12+CR12,if(DH12<DK12,FJ12))-HG14 -> 2500 | FN13: Неверно составленное ТЗ | FZ13: 1000 | HG13: =sum(GB13:HF13)*FZ13 -> 0
D14: Сумма продаж | AT14: Название проекта | CU14: Сумма продаж - общая | DH14: =sum(DH11+DH13) -> 0 | DK14: 0 | DN14: =CR14*DT14/100 -> #DIV/0! | DQ14: =IF(DH14<DK14,DH14,IF(DH14>=DK14,DK14)) -> 0 | DT14: =DH14*100/DK14 -> #DIV/0! | DW14: =(DK14-DH14)/#REF! -> #REF! | HE14: Итого | HG14: =sum(HG8:HG13) -> 0
CU15: Средний чек | DH15: =DH11/DH9 -> #DIV/0! | DK15: 25000 | DN15: =CR15*DT15/100 -> #DIV/0! | DQ15: =IF(DH15<DK15,DH15,IF(DH15>=DK15,DK15)) -> #DIV/0! | DT15: =DH15*100/DK15 -> #DIV/0! | DW15: =(DK15-DH15)/#REF! -> #DIV/0!
AT16: Сумма | CU16: Среднее количество позиций в договоре | DH16: =(DH9/DH10) -> #DIV/0! | DK16: 0 | DN16: =CR16*DT16/100 -> #DIV/0! | DQ16: =IF(DH16<DK16,DH16,IF(DH16>=DK16,DK16)) -> #DIV/0! | DT16: =DH16*100/DK16 -> #DIV/0! | DW16: =(DK16-DH16)/#REF! -> #DIV/0!
AT17: 20 | AW17: % | AX17: =AX16*AT17/100 -> 0 | BA17: =BA16*AT17/100 -> 0 | BD17: =BD16*AT17/100 -> 0 | BG17: =BG16*AT17/100 -> 0 | BJ17: =BJ16*AT17/100 -> 0 | BM17: =BM16*AT17/100 -> 0 | BP17: =BP16*AT17/100 -> 0 | BS17: =BS16*AT17/100 -> 0 | BV17: =BV16*AT17/100 -> 0 | BY17: =BY16*HH16/100 -> 0 | CB17: =CB16*AT17/100 -> 0 | CE17: =CE16*AT17/100 -> 0 | CH17: =CH16*AT17/100 -> 0 | CK17: =CK16*AT17/100 -> 0 | CN17: =CN16*AT17/100 -> 0 | CR17: =sum(CR5:CT11,CR13,CR14,CR15,CR16) -> 15000 | CU17: Общий % выполнения KPI | DH17: =sum(DT8,DT9,DT11)/3 -> 0 | DK17: 100 | DN17: =sum(DN8,DN9,DN11) -> 0 | DQ17: =IF(DH17<DK17,DH17,IF(DH17>=DK17,DK17)) -> 0 | DT17: =DH17*100/DK17 -> 0 | DW17: =(DK17-DH17)/#REF! -> #REF!
D21: Продажи | AT21: Сопровождение клиентов | CR21: Рассчеты KPI | EA21: Эффективность | ET21: Заработная плата* | FN21: Нарушения регламента работы
A22: Январь 2023 | D22: Показатели | M22: Дата | N22: 44228 | O22: 44229 | P22: 44230 | Q22: 44231 | R22: 44232 | S22: 44233 | T22: 44234 | U22: 44235 | V22: 44236 | W22: 44237 | X22: 44238 | Y22: 44239 | Z22: 44240 | AA22: 44241 | AB22: 44242 | AC22: 44243 | AD22: 44244 | AE22: 44245 | AF22: 44246 | AG22: 44247 | AH22: 44248 | AI22: 44249 | AJ22: 44250 | AK22: 44251 | AL22: 44252 | AM22: 44253 | AN22: 44254 | AO22: 44255 | AP22: 44256 | AQ22: 44257 | AR22: 44258 | AT22: Название проекта | CR22: Премия | CU22: Ключевые показатели | DH22: Факт | DK22: План | DN22: Бонус ф. | DQ22: Вып. 100% | DT22: Вып в % | DW22: Днев пл. | EA22: Ключевые конверсии | EO22: Факт* | EQ22: Ср* | ET22: Мотивация менеджера | FJ22: Сумма | FN22: Дисциплинарные нарушения | FZ22: Сумм | GB22: 44317 | GC22: 44318 | GD22: 44319 | GE22: 44320 | GF22: 44321 | GG22: 44322 | GH22: 44323 | GI22: 44324 | GJ22: 44325 | GK22: 44326 | GL22: 44327 | GM22: 44328 | GN22: 44329 | GO22: 44330 | GP22: 44331 | GQ22: 44332 | GR22: 44333 | GS22: 44334 | GT22: 44335 | GU22: 44336 | GV22: 44337 | GW22: 44338 | GX22: 44339 | GY22: 44340 | GZ22: 44341 | HA22: 44342 | HB22: 44343 | HC22: 44344 | HD22: 44345 | HE22: 44346 | HF22: 44347 | HG22: Итого
CR23: 2000 | CU23: Количество новых лидов взятых в работу | DH23: =SUM(N26:AR26) -> 40 | DK23: 40 | DN23: =CR23*DT23/100 -> 2000 | DQ23: =IF(DH23<DK23,DH23,IF(DH23>=DK23,DK23)) -> 40 | DT23: =DQ23*100/DK23 -> 100 | DW23: =(DK23-DH23)/#REF! -> #REF! | EA23: Из лида в одобренный тест | EO23: =DH25*100/DH23 -> 50 | EQ23: =((DH25*100/DH23)+#REF!)/2 -> #REF! | ET23: Сумма штрафов | FJ23: =HG32 -> 0
AT24: Сумма | AX24: 220000 | CU24: Количество результативных звонков | DH24: =SUM(N27:AR27) -> 40 | DK24: 80 | DN24: =CR24*DT24/100 -> 0 | DQ24: =IF(DH24<DK24,DH24,IF(DH24>=DK24,DK24)) -> 40 | DT24: =DQ24*100/DK24 -> 50 | DW24: =(DK24-DH24)/#REF! -> #REF! | EA24: Из лида в оплаченный тест | EO24: =DH26*100/DH23 -> 12.5 | EQ24: =((DH25*100/DH23)+#REF!)/2 -> #REF! | ET24: Бонус за выполнение KPI | FJ24: =sum(DN26,DN27,DN29) -> 10000
AT25: Количество | AX25: 1 | CU25: Кол-во одобренных тестов | DH25: =SUM(N28:AR28) -> 20 | DK25: 5 | DN25: =CR25*DT25/100 -> 0 | DQ25: =IF(DH25<DK25,DH25,IF(DH25>=DK25,DK25)) -> 5 | DT25: =DQ25*100/DK25 -> 100 | DW25: =(DK25-DH25)/#REF! -> #REF! | EA25: Из лида в заключенный договор | EO25: =DH27*100/DH23 -> 5 | EQ25: =((DH27*100/DH23)+#REF!)/2 -> #REF! | ET25: Общий % выполнения KPI | FJ25: =sum(DT26,DT27,DT29)/3 -> 100
D26: Кол-во новых лидов | Z26: 40 | AT26: 2 месяц | AW26: % | AX26: 10 | BA26: 10 | BD26: 10 | BG26: 10 | BJ26: 10 | BM26: 10 | BP26: 10 | BS26: 10 | BV26: 10 | BY26: 10 | CB26: 10 | CE26: 10 | CH26: 10 | CK26: 10 | CN26: 10 | CR26: 5000 | CU26: Кол-во оплаченных тестов | DH26: =SUM(N29:AR29) -> 5 | DK26: 5 | DN26: =CR26*DT26/100 -> 5000 | DQ26: =IF(DH26<DK26,DH26,IF(DH26>=DK26,DK26)) -> 5 | DT26: =DQ26*100/DK26 -> 100 | DW26: =(DK26-DH26)/#REF! -> #REF! | EA26: Из результативного звонка в одобренный тест | EO26: =DH25*100/DH24 -> 50 | EQ26: =((DH25*100/DH24)+#REF!)/2 -> #REF! | ET26: Премия за платные тесты | FJ26: =sum(AX35:CP35) -> 15000 | FN26: Ведение CRM | FZ26: 200 | HG26: =sum(GB26:HF26)*FZ26 -> 0
D27: Кол-во результативных звонков | Z27: 40 | AT27: =SUM(AX27:CO27) -> 22000 | AX27: =(AX24*AX26)/100 -> 22000 | BA27: =(BA24*BA26)/100 -> 0 | BD27: =(BD24*BD26)/100 -> 0 | BG27: =(BG24*BG26)/100 -> 0 | BJ27: =(BJ24*BJ26)/100 -> 0 | BM27: =(BM24*BM26)/100 -> 0 | BP27: =(BP24*BP26)/100 -> 0 | BS27: =(BS24*BS26)/100 -> 0 | BV27: =(BV24*BV26)/100 -> 0 | BY27: =(BY24*BY26)/100 -> 0 | CB27: =(CB24*CB26)/100 -> 0 | CE27: =(CE24*CE26)/100 -> 0 | CH27: =(CH24*CH26)/100 -> 0 | CK27: =(CK24*CK26)/100 -> 0 | CN27: =(CN24*CN26)/100 -> 0 | CR27: 2500 | CU27: Кол-во заключенных договоров | DH27: =SUM(N30:AR30) -> 2 | DK27: 2 | DN27: =CR27*DT27/100 -> 2500 | DQ27: =IF(DH27<DK27,DH27,IF(DH27>=DK27,DK27)) -> 2 | DT27: =DQ27*100/DK27 -> 100 | DW27: =(DK27-DH27)/#REF! -> #REF! | EA27: Из звонка в проведенный тест | EO27: =DH26*100/DH24 -> 12.5 | EQ27: =((DH26*100/DH24)+#REF!)/2 -> #REF! | ET27: Премия за сопровождение проектов за второй месяц | FJ27: =AT27 -> 22000 | FN27: Соблюдение регламентов и скриптов | FZ27: 200 | HG27: =sum(GB27:HF27)*FZ27 -> 0
D28: Кол-во одобренных тестов | Z28: 20 | AT28: 3 месяц | AW28: % | BA28: 5 | BD28: 5 | BG28: 5 | BJ28: 5 | BM28: 5 | BP28: 5 | BS28: 5 | BV28: 5 | BY28: 5 | CB28: 5 | CE28: 5 | CH28: 5 | CK28: 5 | CN28: 5 | CU28: Кол-во позиций в договоре | DH28: =SUM(N31:AR31) -> 3 | DK28: 0 | DN28: =CR28*DT28/100 -> 0 | DQ28: 0 | DT28: 0 | DW28: =(DK28-DH28)/#REF! -> #REF! | EA28: Из звонка в заключенный договор | EO28: =DH27*100/DH24 -> 5 | EQ28: =((DH27*100/DH24)+#REF!)/2 -> #REF! | ET28: Премия за сопровождение проектов за третий месяц | FJ28: =AT29 -> 0 | FN28: Вовремя/неверно сданная отчетность | FZ28: 500 | HG28: =sum(GB28:HF28)*FZ28 -> 0
D29: Кол-во оплаченных тестов | Z29: 5 | AT29: =SUM(AX29:CO29) -> 0 | AX29: =(AX24*AX28)/100 -> 0 | BA29: =(BA24*BA28)/100 -> 0 | BD29: =(BD24*BD28)/100 -> 0 | BG29: =(BG24*BG28)/100 -> 0 | BJ29: =(BJ24*BJ28)/100 -> 0 | BM29: =(BM24*BM28)/100 -> 0 | BP29: =(BP24*BP28)/100 -> 0 | BS29: =(BS24*BS28)/100 -> 0 | BV29: =(BV24*BV28)/100 -> 0 | BY29: =(BY24*BY28)/100 -> 0 | CB29: =(CB24*CB28)/100 -> 0 | CE29: =(CE24*CE28)/100 -> 0 | CH29: =(CH24*CH28)/100 -> 0 | CK29: =(CK24*CK28)/100 -> 0 | CN29: =(CN24*CN28)/100 -> 0 | CR29: 2500 | CU29: Сумма продаж - личная | DH29: =SUM(O32:AR32) -> 50000 | DK29: 40000 | DN29: =CR29*DT29/100 -> 2500 | DQ29: =IF(DH29<DK29,DH29,IF(DH29>=DK29,DK29)) -> 40000 | DT29: =DQ29*100/DK29 -> 100 | DW29: =(DK29-DH29)/#REF! -> #REF! | EA29: Из одобренного теста в проданный тест | EO29: =DH26*100/DH25 -> 25 | EQ29: =((DH26*100/DH25)+#REF!)/2 -> #REF! | ET29: Премия за сумму продаж за месяц | FJ29: =if(FJ25>79,DH29*15%,if(FJ25<80,DH29*5%)) -> 7500 | FN29: Опоздание без ув. причины | FZ29: 800 | HG29: =sum(GB29:HF29)*FZ29 -> 0
D30: Кол-во заключенных договоров | Z30: 2 | CR30: 10000 | CU30: Сумма продаж - командный план | DH30: =sum(DH29) -> 50000 | DK30: 80000 | DN30: =CR30*DT30/100 -> 6250 | DQ30: =IF(DH30<DK30,DH30,IF(DH30>=DK30,DK30)) -> 50000 | DT30: =DH30*100/DK30 -> 62.5 | DW30: =(DK30-DH30)/#REF! -> #REF! | EA30: Из одобренного теста в заключенный договор | EO30: =DH27*100/DH25 -> 10 | EQ30: =((DH27*100/DH25)+#REF!)/2 -> #REF! | ET30: Зарплата без учета командного плана | FJ30: =if(FJ25>79,DH29*15%,if(FJ25<80,DH29*5%))+FJ24+FJ26+FJ27+FJ28 -> 54500 | FN30: Неявка на работу | FZ30: 1500 | HG30: =sum(GB30:HF30)*FZ30 -> 0
D31: Кол-во позиций в договоре | Z31: 3 | AT31: Платные тесты | CR31: 2500 | CU31: Сумма продаж - тесты | DH31: =sum(AX34:CP34) -> 75000 | DK31: 75000 | DN31: =CR31*DT31/100 -> 2500 | DQ31: =IF(DH31<DK31,DH31,IF(DH31>=DK31,DK31)) -> 75000 | DT31: =DH31*100/DK31 -> 100 | DW31: =(DK31-DH31)/#REF! -> #REF! | EA31: Из теста в заключенный договор | EO31: =DH27*100/DH26 -> 40 | EQ31: =((DH27*100/DH26)+#REF!)/2 -> #REF! | ET31: Итого | FJ31: =if(DH30>=DK30,FJ30+CR30,if(DH30<DK30,FJ30))-HG32 -> 54500 | FN31: Неверно составленное ТЗ | FZ31: 1000 | HG31: =sum(GB31:HF31)*FZ31 -> 0
D32: Сумма продаж | Z32: 50000 | AT32: Название проекта | CR32: 2500 | CU32: Сумма продаж - общая | DH32: =sum(DH29+DH31) -> 125000 | DK32: 150000 | DN32: =CR32*DT32/100 -> 2083.3333 | DQ32: =IF(DH32<DK32,DH32,IF(DH32>=DK32,DK32)) -> 125000 | DT32: =DH32*100/DK32 -> 83.333333 | DW32: =(DK32-DH32)/#REF! -> #REF! | HE32: Итого | HG32: =sum(HG26:HG31) -> 0
CR33: 1000 | CU33: Средний чек | DH33: =DH29/DH27 -> 25000 | DK33: 25000 | DN33: =CR33*DT33/100 -> 1000 | DQ33: =IF(DH33<DK33,DH33,IF(DH33>=DK33,DK33)) -> 25000 | DT33: =DH33*100/DK33 -> 100 | DW33: =(DK33-DH33)/#REF! -> #REF!
AT34: Сумма | AX34: 10000 | BA34: 10000 | BD34: 10000 | BG34: 10000 | BJ34: 5000 | BM34: 10000 | BP34: 10000 | BS34: 10000 | CR34: 2000 | CU34: Среднее количество позиций в договоре | DH34: =(DH28/DH27) -> 1.5 | DK34: 45047 | DN34: =CR34*DT34/100 -> 0.06659711 | DQ34: =IF(DH34<DK34,DH34,IF(DH34>=DK34,DK34)) -> 1.5 | DT34: =DH34*100/DK34 -> 0.0033298555 | DW34: =(DK34-DH34)/#REF! -> #REF!
AT35: 20 | AW35: % | AX35: =AX34*AT35/100 -> 2000 | BA35: =BA34*AT35/100 -> 2000 | BD35: =BD34*AT35/100 -> 2000 | BG35: =BG34*AT35/100 -> 2000 | BJ35: =BJ34*AT35/100 -> 1000 | BM35: =BM34*AT35/100 -> 2000 | BP35: =BP34*AT35/100 -> 2000 | BS35: =BS34*AT35/100 -> 2000 | BV35: =BV34*AT35/100 -> 0 | BY35: =BY34*HH34/100 -> 0 | CB35: =CB34*AT35/100 -> 0 | CE35: =CE34*AT35/100 -> 0 | CH35: =CH34*AT35/100 -> 0 | CK35: =CK34*AT35/100 -> 0 | CN35: =CN34*AT35/100 -> 0 | CR35: =sum(CR23:CT29,CR31,CR32,CR33,CR34) -> 20000 | CU35: Общий % выполнения KPI | DH35: =sum(DT23,DT26,DT27,DT29,DT31,DT32,DT33,DT34)/8 -> 85.417083 | DK35: 100 | DN35: =sum(DN23,DN26,DN27,DN29,DN31,DN33,DN34,DN35) -> #REF! | DQ35: =IF(DH35<DK35,DH35,IF(DH35>=DK35,DK35)) -> 85.417083 | DT35: =DH35*100/DK35 -> 85.417083 | DW35: =(DK35-DH35)/#REF! -> #REF!

Sheet Александр
C3: Продажи | AS3: Рассчеты | BY3: Эффективность | CR3: Заработная плата | DL3: Нарушения регламента работы | FI3: Сопровождение клиентов
A4: Январь 2022 | C4: Показатели | L4: Дата | M4: 44531 | N4: 44532 | O4: 44533 | P4: 44534 | Q4: 44535 | R4: 44536 | S4: 44537 | T4: 44538 | U4: 44539 | V4: 44540 | W4: 44541 | X4: 44542 | Y4: 44543 | Z4: 44544 | AA4: 44545 | AB4: 44546 | AC4: 44547 | AD4: 44548 | AE4: 44549 | AF4: 44550 | AG4: 44551 | AH4: 44552 | AI4: 44553 | AJ4: 44554 | AK4: 44555 | AL4: 44556 | AM4: 44557 | AN4: 44558 | AO4: 44559 | AP4: 44560 | AQ4: 44561 | AS4: Ключевые показатели | BF4: Факт | BI4: План | BL4: Вып 100% | BO4: Бонус | BR4: Вып в % | BU4: Днев ПЛ | BY4: Ключевые конверсии | CM4: Факт | CO4: Сред | CR4: Мотивация менеджера | DH4: Сумма | DL4: Дисциплинарные нарушения | DX4: Сумм | DZ4: 44531 | EA4: 44532 | EB4: 44533 | EC4: 44534 | ED4: 44535 | EE4: 44536 | EF4: 44537 | EG4: 44538 | EH4: 44539 | EI4: 44540 | EJ4: 44541 | EK4: 44542 | EL4: 44543 | EM4: 44544 | EN4: 44545 | EO4: 44546 | EP4: 44547 | EQ4: 44548 | ER4: 44549 | ES4: 44550 | ET4: 44551 | EU4: 44552 | EV4: 44553 | EW4: 44554 | EX4: 44555 | EY4: 44556 | EZ4: 44557 | FA4: 44558 | FB4: 44559 | FC4: 44560 | FD4: 44561 | FE4: Итого | FI4: Название проекта | FM4: Находка АкадемияМебели | FP4: Тамбов Пилот | FS4: Ульяновск Шарли | FV4: Казань ИльнарКух
AS5: Количество новых лидов | BF5: =SUM(M8:AQ8) -> 0 | BI5: 50 | BL5: 0 | BO5: 0 | BR5: 0 | BU5: =(BI5-BF5)/'График'!AK4 -> 2.173913 | BY5: Из лида в одобренный тест | CM5: =BF7*100/BF5 -> #DIV/0! | CR5: Сумма штрафов | DH5: =FE14 -> 0
AS6: Количество результативных звонков | BF6: =SUM(M9:AQ9) -> 0 | BI6: 50 | BL6: =IF(BF6<BI6,BF6,IF(BF6>=BI6,BI6)) -> 0 | BO6: =2500*BR6/100 -> 0 | BR6: =BL6*100/BI6 -> 0 | BU6: =(BI6-BF6)/'График'!AK4 -> 2.173913 | BY6: Из лида в оплаченный тест | CM6: =BF8*100/BF5 -> #DIV/0! | CR6: Бонус за выполнение KPI | DH6: =sum(BO6:BQ9,BO11) -> 0 | FI6: Сумма | FM6: 20000 | FP6: 20000 | FS6: 20000 | FV6: 15000
AS7: Кол-во одобренных тестов | BF7: =SUM(M10:AQ10) -> 0 | BI7: 40 | BL7: =IF(BF7<BI7,BF7,IF(BF7>=BI7,BI7)) -> 0 | BO7: =2500*BR7/100 -> 0 | BR7: =BL7*100/BI7 -> 0 | BU7: =(BI7-BF7)/'График'!AK4 -> 1.7391304 | BY7: Из лида в заключенный договор | CM7: =BF9*100/BF5 -> #DIV/0! | CR7: Общий % выполнения KPI | DH7: =sum(BR6,BR7,BR8,BR9,BR11)/5 -> 0 | FI7: Количество | FM7: 1 | FP7: 1 | FS7: 3 | FV7: 4 | FY7: 5 | GB7: 6 | GE7: 7 | GH7: 8 | GK7: 9 | GN7: 10 | GQ7: 11 | GT7: 12 | GW7: 13 | GZ7: 14 | HC7: 15
C8: Кол-во новых лидов | AS8: Кол-во оплаченных тестов | BF8: =SUM(M11:AQ11) -> 0 | BI8: 30 | BL8: =IF(BF8<BI8,BF8,IF(BF8>=BI8,BI8)) -> 0 | BO8: =2500*BR8/100 -> 0 | BR8: =BL8*100/BI8 -> 0 | BU8: =(BI8-BF8)/'График'!AK4 -> 1.3043478 | BY8: Из результативного звонка в одобренный тест | CM8: =BF7*100/BF6 -> #DIV/0! | CR8: Премия за сопровождение проектов за второй месяц | DL8: Ведение CRM | DX8: 200 | FE8: =sum(DZ8:FD8)*DX8 -> 0 | FI8: 2 месяц | FL8: % | FM8: 10 | FP8: 10 | FS8: 10 | FV8: 10 | FY8: 10 | GB8: 10 | GE8: 10 | GH8: 10 | GK8: 10 | GN8: 10 | GQ8: 10 | GT8: 10 | GW8: 10 | GZ8: 10 | HC8: 10
C9: Кол-во результативных звонков | AS9: Кол-во заключенных договоров | BF9: =SUM(M12:AQ12) -> 0 | BI9: 4 | BL9: =IF(BF9<BI9,BF9,IF(BF9>=BI9,BI9)) -> 0 | BO9: =2500*BR9/100 -> 0 | BR9: =BL9*100/BI9 -> 0 | BU9: =(BI9-BF9)/'График'!AK4 -> 0.17391304 | BY9: Из звонка в проведенный тест | CM9: =BF8*100/BF6 -> #DIV/0! | CR9: Премия за сопровождение проектов за третий месяц | DL9: Соблюдение регламентов и скриптов | DX9: 200 | FE9: =sum(DZ9:FD9)*DX9 -> 0 | FI9: =SUM(FM9:HD9) -> 7500 | FM9: =(FM6*FM8)/100 -> 2000 | FP9: =(FP6*FP8)/100 -> 2000 | FS9: =(FS6*FS8)/100 -> 2000 | FV9: =(FV6*FV8)/100 -> 1500 | FY9: =(FY6*FY8)/100 -> 0 | GB9: =(GB6*GB8)/100 -> 0 | GE9: =(GE6*GE8)/100 -> 0 | GH9: =(GH6*GH8)/100 -> 0 | GK9: =(GK6*GK8)/100 -> 0 | GN9: =(GN6*GN8)/100 -> 0 | GQ9: =(GQ6*GQ8)/100 -> 0 | GT9: =(GT6*GT8)/100 -> 0 | GW9: =(GW6*GW8)/100 -> 0 | GZ9: =(GZ6*GZ8)/100 -> 0 | HC9: =(HC6*HC8)/100 -> 0
C10: Кол-во одобренных тестов | AS10: Кол-во позиций в договоре | BF10: =SUM(M13:AQ13) -> 0 | BI10: 4 | BL10: 0 | BO10: 0 | BR10: 0 | BU10: =(BI10-BF10)/'График'!AK4 -> 0.17391304 | BY10: Из звонка в заключенный договор | CM10: =BF9*100/BF6 -> #DIV/0! | CR10: Зарплата менеджера без учета командного плана | DH10: =if(DH7>84,BF11*15%+DH6,if(DH7<85,BF11*5%+DH6)) -> 0 | DL10: Вовремя/неверно сданная отчетность | DX10: 500 | FE10: =sum(DZ10:FD10)*DX10 -> 0 | FI10: 3 месяц | FL10: % | FV10: 10 | FY10: 10 | GB10: 10 | GE10: 10 | GH10: 10 | GK10: 10 | GN10: 10 | GQ10: 10 | GT10: 10 | GW10: 10 | GZ10: 10 | HC10: 10
C11: Кол-во оплаченных тестов | AS11: Сумма продаж | BF11: =SUM(M14:AQ14) -> 0 | BI11: 80000 | BL11: =IF(BF11<BI11,BF11,IF(BF11>=BI11,BI11)) -> 0 | BO11: =5000*BR11/100 -> 0 | BR11: =BL11*100/BI11 -> 0 | BU11: =(BI11-BF11)/'График'!AK4 -> 3478.2609 | BY11: Из одобренного теста в проведенный тест | CM11: =BF8*100/BF7 -> #DIV/0! | CR11: Зарплата менеджера с учетом командного плана | DH11: =if(BF12>=BI12,DH10+BO12,if(BF12<BI12,DH10))-FE14 -> 0 | DL11: Опоздание без ув. причины | DX11: 800 | FE11: =sum(DZ11:FD11)*DX11 -> 0 | FI11: =SUM(FM11:HD11) -> 1500 | FM11: =(FM6*FM10)/100 -> 0 | FP11: =(FP6*FP10)/100 -> 0 | FS11: =(FS6*FS10)/100 -> 0 | FV11: =(FV6*FV10)/100 -> 1500 | FY11: =(FY6*FY10)/100 -> 0 | GB11: =(GB6*GB10)/100 -> 0 | GE11: =(GE6*GE10)/100 -> 0 | GH11: =(GH6*GH10)/100 -> 0 | GK11: =(GK6*GK10)/100 -> 0 | GN11: =(GN6*GN10)/100 -> 0 | GQ11: =(GQ6*GQ10)/100 -> 0 | GT11: =(GT6*GT10)/100 -> 0 | GW11: =(GW6*GW10)/100 -> 0 | GZ11: =(GZ6*GZ10)/100 -> 0 | HC11: =(HC6*HC10)/100 -> 0
C12: Кол-во заключенных договоров | AS12: Командный план | BF12: =sum(BF11+'Евгений Ж.'!DH9) -> 0 | BI12: 80000 | BO12: 10000 | BR12: =BF12*100/BI12 -> 0 | BU12: =(BI12-BF12)/'График'!AK4 -> 3478.2609 | BY12: Из одобренного теста в заключенный договор | CM12: =BF9*100/BF7 -> #DIV/0! | DF12: Итого | DH12: =sum(DH11+DH8+DH9) -> 0 | DL12: Неявка на работу | DX12: 1500 | FE12: =sum(DZ12:FD12)*DX12 -> 0 | FI12: Платные тесты
C13: Кол-во позиций в договоре | AS13: Остаток до выполнения личного плана | BF13: =BI11-BF11 -> 80000 | BY13: Из теста в заключенный договор | CM13: =BF9*100/BF8 -> #DIV/0! | DL13: Неверно составленное ТЗ | DX13: 1000 | FE13: =sum(DZ13:FD13)*DX13 -> 0 | FI13: Название проекта | FM13: Название Проекта | FP13: Тюмень Мебельщик | FS13: Иркутск Мебелевич | FV13: Омск КитМебель | FY13: Казань Коновалов | GB13: Казань Давинчи | GE13: Архангельск Евромебель | GH13: Казань Шарли | GK13: Название Проекта | GN13: Название Проекта | GQ13: Название Проекта | GT13: Название Проекта | GW13: Название Проекта | GZ13: Название Проекта | HC13: Название Проекта
C14: Сумма продаж | AS14: Средний чек | BF14: =BF11/BF9 -> #DIV/0! | FC14: Итого | FE14: =sum(FE8:FE13) -> 0
AS15: Общее количество звонков | FI15: Сумма | FM15: 2000 | FP15: 1000 | FS15: 5000 | FV15: 1000 | FY15: 1000 | GB15: 2000 | GE15: 1000 | GH15: 3000
AS16: Общее количество минут разговора | FI16: 20 | FL16: % | FM16: =FM15*FI16/100 -> 400 | FP16: =FP15*FI16/100 -> 200 | FS16: =FS15*FI16/100 -> 1000 | FV16: =FV15*FI16/100 -> 200 | FY16: =FY15*FI16/100 -> 200 | GB16: =GB15*FI16/100 -> 400 | GE16: =GE15*FI16/100 -> 200 | GH16: =GH15*FI16/100 -> 600 | GK16: =GK15*FI16/100 -> 0 | GN16: =GN15*FI16/100 -> 0 | GQ16: =GQ15*FI16/100 -> 0 | GT16: =GT15*FI16/100 -> 0 | GW16: =GW15*FI16/100 -> 0 | GZ16: =GZ15*FI16/100 -> 0 | HC16: =HC15*FI16/100 -> 0
AS17: Среднее количество изделий в договоре | BF17: =(BF9/BF10) -> #DIV/0!
C21: Продажи | AS21: Рассчеты | BY21: Эффективность | CR21: Заработная плата | DL21: Нарушения регламента работы | FI21: Сопровождение клиентов
A22: Февраль 2022 | C22: Показатели | L22: Дата | M22: 44197 | N22: 44198 | O22: 44199 | P22: 44200 | Q22: 44201 | R22: 44202 | S22: 44203 | T22: 44204 | U22: 44205 | V22: 44206 | W22: 44207 | X22: 44208 | Y22: 44209 | Z22: 44210 | AA22: 44211 | AB22: 44212 | AC22: 44213 | AD22: 44214 | AE22: 44215 | AF22: 44216 | AG22: 44217 | AH22: 44218 | AI22: 44219 | AJ22: 44220 | AK22: 44221 | AL22: 44222 | AM22: 44223 | AN22: 44224 | AO22: 44225 | AP22: 44226 | AQ22: 44227 | AS22: Ключевые показатели | BF22: Факт | BI22: План | BL22: Вып 100% | BO22: Бонус | BR22: Вып в % | BU22: Днев ПЛ | BY22: Ключевые конверсии | CM22: Факт | CO22: Сред | CR22: Мотивация менеджера | DH22: Сумма | DL22: Дисциплинарные нарушения | DX22: Сумм | DZ22: 44317 | EA22: 44318 | EB22: 44319 | EC22: 44320 | ED22: 44321 | EE22: 44322 | EF22: 44323 | EG22: 44324 | EH22: 44325 | EI22: 44326 | EJ22: 44327 | EK22: 44328 | EL22: 44329 | EM22: 44330 | EN22: 44331 | EO22: 44332 | EP22: 44333 | EQ22: 44334 | ER22: 44335 | ES22: 44336 | ET22: 44337 | EU22: 44338 | EV22: 44339 | EW22: 44340 | EX22: 44341 | EY22: 44342 | EZ22: 44343 | FA22: 44344 | FB22: 44345 | FC22: 44346 | FD22: 44347 | FE22: Итого | FI22: Название проекта | FM22: Казань ДаВинчи | FP22: Саранск Калабрия | FS22: Махачкала Карго58 | FV22: Омск Лусонелла
AS23: Количество новых лидов | BF23: =SUM(M26:AQ26) -> 0 | BI23: 0 | BL23: 0 | BO23: 0 | BR23: 0 | BU23: =(BI23-BF23)/'График'!AK8 -> 0 | BY23: Из лида в одобренный тест | CM23: =BF25*100/BF23 -> #DIV/0! | CO23: =((BF25*100/BF23)+CM5)/2 -> #DIV/0! | CR23: Сумма штрафов | DH23: =FE32 -> 2500
AS24: Количество результативных звонков | BF24: =SUM(M27:AQ27) -> 0 | BI24: 60 | BL24: =IF(BF24<BI24,BF24,IF(BF24>=BI24,BI24)) -> 0 | BO24: =2500*BR24/100 -> 0 | BR24: =BL24*100/BI24 -> 0 | BU24: =(BI24-BF24)/'График'!AK8 -> 2.6086957 | BY24: Из лида в оплаченный тест | CM24: =BF26*100/BF23 -> #DIV/0! | CO24: =((BF25*100/BF23)+CM6)/2 -> #DIV/0! | CR24: Бонус за выполнение KPI | DH24: =sum(BO24:BQ27,BO29) -> 0 | FI24: Сумма | FM24: 20000 | FP24: 10000 | FS24: 32000 | FV24: 20000
AS25: Кол-во одобренных тестов | BF25: =SUM(M28:AQ28) -> 0 | BI25: 30 | BL25: =IF(BF25<BI25,BF25,IF(BF25>=BI25,BI25)) -> 0 | BO25: =2500*BR25/100 -> 0 | BR25: =BL25*100/BI25 -> 0 | BU25: =(BI25-BF25)/'График'!AK8 -> 1.3043478 | BY25: Из лида в заключенный договор | CM25: =BF27*100/BF23 -> #DIV/0! | CO25: =((BF27*100/BF23)+CM7)/2 -> #DIV/0! | CR25: Общий % выполнения KPI | DH25: =sum(BR24,BR25,BR26,BR27,BR29)/5 -> 0 | FI25: Количество | FM25: 1 | FP25: 2 | FS25: 3 | FV25: 4 | FY25: 5 | GB25: 6 | GE25: 7 | GH25: 8 | GK25: 9 | GN25: 10 | GQ25: 11 | GT25: 12 | GW25: 13 | GZ25: 14 | HC25: 15
C26: Кол-во новых лидов | AS26: Кол-во оплаченных тестов | BF26: =SUM(M29:AQ29) -> 0 | BI26: 20 | BL26: =IF(BF26<BI26,BF26,IF(BF26>=BI26,BI26)) -> 0 | BO26: =2500*BR26/100 -> 0 | BR26: =BL26*100/BI26 -> 0 | BU26: =(BI26-BF26)/'График'!AK8 -> 0.86956522 | BY26: Из результативного звонка в одобренный тест | CM26: =BF25*100/BF24 -> #DIV/0! | CO26: =((BF25*100/BF24)+CM8)/2 -> #DIV/0! | CR26: Премия за сопровождение проектов за второй месяц | DH26: =FI9 -> 7500 | DL26: Ведение CRM | DX26: 200 | DZ26: 1 | EE26: 1 | EJ26: 1 | EO26: 1 | FE26: =sum(DZ26:FD26)*DX26 -> 800 | FI26: 2 месяц | FL26: % | FM26: 10 | FP26: 10 | FS26: 10 | FV26: 10 | FY26: 10 | GB26: 10 | GE26: 10 | GH26: 10 | GK26: 10 | GN26: 10 | GQ26: 10 | GT26: 10 | GW26: 10 | GZ26: 10 | HC26: 10
C27: Кол-во результативных звонков | AS27: Кол-во заключенных договоров | BF27: =SUM(M30:AQ30) -> 0 | BI27: 5 | BL27: =IF(BF27<BI27,BF27,IF(BF27>=BI27,BI27)) -> 0 | BO27: =2500*BR27/100 -> 0 | BR27: =BL27*100/BI27 -> 0 | BU27: =(BI27-BF27)/'График'!AK8 -> 0.2173913 | BY27: Из звонка в проведенный тест | CM27: =BF26*100/BF24 -> #DIV/0! | CO27: =((BF26*100/BF24)+CM9)/2 -> #DIV/0! | CR27: Премия за сопровождение проектов за третий месяц | DL27: Соблюдение регламентов и скриптов | DX27: 200 | EB27: 1 | FE27: =sum(DZ27:FD27)*DX27 -> 200 | FI27: =SUM(FM27:HD27) -> 8200 | FM27: =(FM24*FM26)/100 -> 2000 | FP27: =(FP24*FP26)/100 -> 1000 | FS27: =(FS24*FS26)/100 -> 3200 | FV27: =(FV24*FV26)/100 -> 2000 | FY27: =(FY24*FY26)/100 -> 0 | GB27: =(GB24*GB26)/100 -> 0 | GE27: =(GE24*GE26)/100 -> 0 | GH27: =(GH24*GH26)/100 -> 0 | GK27: =(GK24*GK26)/100 -> 0 | GN27: =(GN24*GN26)/100 -> 0 | GQ27: =(GQ24*GQ26)/100 -> 0 | GT27: =(GT24*GT26)/100 -> 0 | GW27: =(GW24*GW26)/100 -> 0 | GZ27: =(GZ24*GZ26)/100 -> 0 | HC27: =(HC24*HC26)/100 -> 0
C28: Кол-во одобренных тестов | AS28: Кол-во позиций в договоре | BF28: =SUM(M31:AQ31) -> 0 | BI28: 0 | BL28: 0 | BO28: 0 | BR28: 0 | BU28: =(BI28-BF28)/'График'!AK8 -> 0 | BY28: Из звонка в заключенный договор | CM28: =BF27*100/BF24 -> #DIV/0! | CO28: =((BF27*100/BF24)+CM10)/2 -> #DIV/0! | CR28: Зарплата менеджера без учета командного плана | DH28: =if(DH25>84,BF29*15%+DH24,if(DH25<85,BF29*5%+DH24)) -> 0 | DL28: Вовремя/неверно сданная отчетность | DX28: 500 | DZ28: 1 | FE28: =sum(DZ28:FD28)*DX28 -> 500 | FI28: 3 месяц | FL28: % | FY28: 5 | GB28: 5 | GE28: 5 | GH28: 5 | GK28: 5 | GN28: 5 | GQ28: 5 | GT28: 5 | GW28: 5 | GZ28: 5 | HC28: 5
C29: Кол-во оплаченных тестов | AS29: Сумма продаж | BF29: =SUM(N32:AQ32) -> 0 | BI29: 60000 | BL29: =IF(BF29<BI29,BF29,IF(BF29>=BI29,BI29)) -> 0 | BO29: =5000*BR29/100 -> 0 | BR29: =BL29*100/BI29 -> 0 | BU29: =(BI29-BF29)/'График'!AK8 -> 2608.6957 | BY29: Из одобренного теста в проведенный тест | CM29: =BF26*100/BF25 -> #DIV/0! | CO29: =((BF26*100/BF25)+CM11)/2 -> #DIV/0! | CR29: Зарплата менеджера с учетом командного плана | DH29: =if(BF30>=BI30,DH28+BO30,if(BF30<BI30,DH28))-FE32 -> -2500 | DL29: Опоздание без ув. причины | DX29: 800 | FE29: =sum(DZ29:FD29)*DX29 -> 0 | FI29: =SUM(FM29:HD29) -> 0 | FM29: =(FM24*FM28)/100 -> 0 | FP29: =(FP24*FP28)/100 -> 0 | FS29: =(FS24*FS28)/100 -> 0 | FV29: =(FV24*FV28)/100 -> 0 | FY29: =(FY24*FY28)/100 -> 0 | GB29: =(GB24*GB28)/100 -> 0 | GE29: =(GE24*GE28)/100 -> 0 | GH29: =(GH24*GH28)/100 -> 0 | GK29: =(GK24*GK28)/100 -> 0 | GN29: =(GN24*GN28)/100 -> 0 | GQ29: =(GQ24*GQ28)/100 -> 0 | GT29: =(GT24*GT28)/100 -> 0 | GW29: =(GW24*GW28)/100 -> 0 | GZ29: =(GZ24*GZ28)/100 -> 0 | HC29: =(HC24*HC28)/100 -> 0
C30: Кол-во заключенных договоров | AS30: Командный план | BF30: =sum(BF29+'Александр'!BI28) -> 0 | BI30: 60000 | BO30: 10000 | BR30: =BF30*100/BI30 -> 0 | BU30: =(BI30-BF30)/'График'!AK8 -> 2608.6957 | BY30: Из одобренного теста в заключенный договор | CM30: =BF27*100/BF25 -> #DIV/0! | CO30: =((BF27*100/BF25)+CM12)/2 -> #DIV/0! | DF30: Итого | DH30: =sum(DH29+DH26+DH27) -> 5000 | DL30: Неявка на работу | DX30: 1500 | FE30: =sum(DZ30:FD30)*DX30 -> 0 | FI30: Платные тесты
C31: Кол-во позиций в договоре | AS31: Остаток до выполнения личного плана | BF31: =BI29-BF29 -> 60000 | BY31: Из теста в заключенный договор | CM31: =BF27*100/BF26 -> #DIV/0! | CO31: =((BF27*100/BF26)+CM13)/2 -> #DIV/0! | DL31: Неверно составленное ТЗ | DX31: 1000 | EL31: 1 | FE31: =sum(DZ31:FD31)*DX31 -> 1000 | FI31: Название проекта | FM31: Омск Лусонелла | FP31: Иркутск Мебель | FS31: Краснодар РВСДизайн | FV31: Красноярс СибМебСерв | FY31: СПБ АрхитектураМеб | GB31: Уфа ЖивыеКухни | GE31: Челябинск Форест174 | GH31: Сургут АртВип | GK31: Самара МебельОтМастера | GN31: Курган НашаМебель | GQ31: Название Проекта | GT31: Название Проекта | GW31: Название Проекта | GZ31: Название Проекта | HC31: Название Проекта
C32: Сумма продаж | AS32: Средний чек | BF32: =BF29/BF27 -> #DIV/0! | FC32: Итого | FE32: =sum(FE26:FE31) -> 2500
AS33: Общее количество звонков | FI33: Сумма | FM33: 2000 | FP33: 1000 | FS33: 2000 | FV33: 2000 | FY33: 5000 | GB33: 2000 | GE33: 2000 | GH33: 2000 | GK33: 1000 | GN33: 1000
AS34: Общее количество минут разговора | FI34: 20 | FL34: % | FM34: =FM33*FI34/100 -> 400 | FP34: =FP33*FI34/100 -> 200 | FS34: =FS33*FI34/100 -> 400 | FV34: =FV33*FI34/100 -> 400 | FY34: =FY33*FI34/100 -> 1000 | GB34: =GB33*FI34/100 -> 400 | GE34: =GE33*FI34/100 -> 400 | GH34: =GH33*FI34/100 -> 400 | GK34: =GK33*FI34/100 -> 200 | GN34: =GN33*FI34/100 -> 200 | GQ34: =GQ33*FI34/100 -> 0 | GT34: =GT33*FI34/100 -> 0 | GW34: =GW33*FI34/100 -> 0 | GZ34: =GZ33*FI34/100 -> 0 | HC34: =HC33*FI34/100 -> 0
AS35: Среднее количество изделий в договоре | BF35: =(BF27/BF28) -> #DIV/0!
C39: Продажи | AS39: Рассчеты | BY39: Эффективность | CR39: Заработная плата | DL39: Нарушения регламента работы | FI39: Сопровождение клиентов
A40: Март 2022 | C40: Показатели | L40: Дата | M40: 44287 | N40: 44288 | O40: 44289 | P40: 44290 | Q40: 44291 | R40: 44292 | S40: 44293 | T40: 44294 | U40: 44295 | V40: 44296 | W40: 44297 | X40: 44298 | Y40: 44299 | Z40: 44300 | AA40: 44301 | AB40: 44302 | AC40: 44303 | AD40: 44304 | AE40: 44305 | AF40: 44306 | AG40: 44307 | AH40: 44308 | AI40: 44309 | AJ40: 44310 | AK40: 44311 | AL40: 44312 | AM40: 44313 | AN40: 44314 | AO40: 44315 | AP40: 44316 | AQ40: 44317 | AS40: Ключевые показатели | BF40: Факт | BI40: План | BL40: Вып 100% | BO40: Бонус | BR40: Вып в % | BU40: Днев ПЛ | BY40: Ключевые конверсии | CM40: Факт | CO40: Сред | CR40: Мотивация менеджера | DH40: Сумма | DL40: Дисциплинарные нарушения | DX40: Сумм | DZ40: 44317 | EA40: 44318 | EB40: 44319 | EC40: 44320 | ED40: 44321 | EE40: 44322 | EF40: 44323 | EG40: 44324 | EH40: 44325 | EI40: 44326 | EJ40: 44327 | EK40: 44328 | EL40: 44329 | EM40: 44330 | EN40: 44331 | EO40: 44332 | EP40: 44333 | EQ40: 44334 | ER40: 44335 | ES40: 44336 | ET40: 44337 | EU40: 44338 | EV40: 44339 | EW40: 44340 | EX40: 44341 | EY40: 44342 | EZ40: 44343 | FA40: 44344 | FB40: 44345 | FC40: 44346 | FD40: 44347 | FE40: Итого | FI40: Название проекта | FM40: Казань Шарли
AS41: Количество новых лидов | BF41: =SUM(M44:AQ44) -> 0 | BI41: 0 | BL41: 0 | BO41: 0 | BR41: 0 | BU41: =(BI41-BF41)/'График'!AK12 -> 0 | BY41: Из лида в одобренный тест | CM41: =BF44*100/BF41 -> #DIV/0! | CO41: =((BF43*100/BF41)+CM23)/2 -> #DIV/0! | CR41: Сумма штрафов | DH41: =FE50 -> 0
AS42: Количество результативных звонков | BF42: =SUM(M45:AQ45) -> 0 | BI42: 60 | BL42: =IF(BF42<BI42,BF42,IF(BF42>=BI42,BI42)) -> 0 | BO42: =2500*BR42/100 -> 0 | BR42: =BL42*100/BI42 -> 0 | BU42: =(BI42-BF42)/'График'!AK12 -> 2.6086957 | BY42: Из лида в оплаченный тест | CM42: =BF43*100/BF41 -> #DIV/0! | CO42: =((BF43*100/BF41)+CM24)/2 -> #DIV/0! | CR42: Бонус за выполнение KPI | DH42: =sum(BO42:BQ45,BO47) -> 0 | FI42: Сумма
AS43: Кол-во одобренных тестов | BF43: =SUM(M46:AQ46) -> 0 | BI43: 30 | BL43: =IF(BF43<BI43,BF43,IF(BF43>=BI43,BI43)) -> 0 | BO43: =2500*BR43/100 -> 0 | BR43: =BL43*100/BI43 -> 0 | BU43: =(BI43-BF43)/'График'!AK12 -> 1.3043478 | BY43: Из лида в заключенный договор | CM43: =BF45*100/BF41 -> #DIV/0! | CO43: =((BF45*100/BF41)+CM25)/2 -> #DIV/0! | CR43: Общий % выполнения KPI | DH43: =sum(BR42,BR43,BR44,BR45,BR47)/5 -> 0 | FI43: Количество | FM43: 1 | FP43: 2 | FS43: 3 | FV43: 4 | FY43: 5 | GB43: 6 | GE43: 7 | GH43: 8 | GK43: 9 | GN43: 10 | GQ43: 11 | GT43: 12 | GW43: 13 | GZ43: 14 | HC43: 15
C44: Кол-во новых лидов | AS44: Кол-во оплаченных тестов | BF44: =SUM(M47:AQ47) -> 0 | BI44: 20 | BL44: =IF(BF44<BI44,BF44,IF(BF44>=BI44,BI44)) -> 0 | BO44: =2500*BR44/100 -> 0 | BR44: =BL44*100/BI44 -> 0 | BU44: =(BI44-BF44)/'График'!AK12 -> 0.86956522 | BY44: Из результативного звонка в одобренный тест | CM44: =BF43*100/BF42 -> #DIV/0! | CO44: =((BF43*100/BF42)+CM26)/2 -> #DIV/0! | CR44: Премия за сопровождение проектов за второй месяц | DH44: =FI27 -> 8200 | DL44: Ведение CRM | DX44: 200 | FE44: =sum(DZ44:FD44)*DX44 -> 0 | FI44: 2 месяц | FL44: % | FY44: 10 | GB44: 10 | GE44: 10 | GH44: 10 | GK44: 10 | GN44: 10 | GQ44: 10 | GT44: 10 | GW44: 10 | GZ44: 10 | HC44: 10
C45: Кол-во результативных звонков | AS45: Кол-во заключенных договоров | BF45: =SUM(M48:AQ48) -> 0 | BI45: 5 | BL45: =IF(BF45<BI45,BF45,IF(BF45>=BI45,BI45)) -> 0 | BO45: =2500*BR45/100 -> 0 | BR45: =BL45*100/BI45 -> 0 | BU45: =(BI45-BF45)/'График'!AK12 -> 0.2173913 | BY45: Из звонка в проведенный тест | CM45: =BF44*100/BF42 -> #DIV/0! | CO45: =((BF44*100/BF42)+CM27)/2 -> #DIV/0! | CR45: Премия за сопровождение проектов за третий месяц | DH45: =FI11 -> 1500 | DL45: Соблюдение регламентов и скриптов | DX45: 200 | FE45: =sum(DZ45:FD45)*DX45 -> 0 | FI45: =SUM(FM45:HD45) -> 0 | FM45: =(FM42*FM44)/100 -> 0 | FP45: =(FP42*FP44)/100 -> 0 | FS45: =(FS42*FS44)/100 -> 0 | FV45: =(FV42*FV44)/100 -> 0 | FY45: =(FY42*FY44)/100 -> 0 | GB45: =(GB42*GB44)/100 -> 0 | GE45: =(GE42*GE44)/100 -> 0 | GH45: =(GH42*GH44)/100 -> 0 | GK45: =(GK42*GK44)/100 -> 0 | GN45: =(GN42*GN44)/100 -> 0 | GQ45: =(GQ42*GQ44)/100 -> 0 | GT45: =(GT42*GT44)/100 -> 0 | GW45: =(GW42*GW44)/100 -> 0 | GZ45: =(GZ42*GZ44)/100 -> 0 | HC45: =(HC42*HC44)/100 -> 0
C46: Кол-во одобренных тестов | AS46: Кол-во позиций в договоре | BF46: =SUM(M49:AQ49) -> 0 | BI46: 0 | BL46: 0 | BO46: 0 | BR46: 0 | BU46: =(BI46-BF46)/'График'!AK12 -> 0 | BY46: Из звонка в заключенный договор | CM46: =BF45*100/BF42 -> #DIV/0! | CO46: =((BF45*100/BF42)+CM28)/2 -> #DIV/0! | CR46: Зарплата менеджера без учета командного плана | DH46: =if(DH43>84,BF47*15%+DH42,if(DH43<85,BF47*5%+DH42)) -> 0 | DL46: Вовремя/неверно сданная отчетность | DX46: 500 | FE46: =sum(DZ46:FD46)*DX46 -> 0 | FI46: 3 месяц | FL46: % | FY46: 5 | GB46: 5 | GE46: 5 | GH46: 5 | GK46: 5 | GN46: 5 | GQ46: 5 | GT46: 5 | GW46: 5 | GZ46: 5 | HC46: 5
C47: Кол-во оплаченных тестов | AS47: Сумма продаж | BF47: =SUM(N50:AQ50) -> 0 | BI47: 120000 | BL47: =IF(BF47<BI47,BF47,IF(BF47>=BI47,BI47)) -> 0 | BO47: =5000*BR47/100 -> 0 | BR47: =BL47*100/BI47 -> 0 | BU47: =(BI47-BF47)/'График'!AK12 -> 5217.3913 | BY47: Из одобренного теста в проведенный тест | CM47: =BF44*100/BF43 -> #DIV/0! | CO47: =((BF44*100/BF43)+CM29)/2 -> #DIV/0! | CR47: Зарплата менеджера с учетом командного плана | DH47: =if(BF48>=BI48,DH46+BO48,if(BF48<BI48,DH46))-FE50 -> 0 | DL47: Опоздание без ув. причины | DX47: 800 | FE47: =sum(DZ47:FD47)*DX47 -> 0 | FI47: =SUM(FM47:HD47) -> 0 | FM47: =(FM42*FM46)/100 -> 0 | FP47: =(FP42*FP46)/100 -> 0 | FS47: =(FS42*FS46)/100 -> 0 | FV47: =(FV42*FV46)/100 -> 0 | FY47: =(FY42*FY46)/100 -> 0 | GB47: =(GB42*GB46)/100 -> 0 | GE47: =(GE42*GE46)/100 -> 0 | GH47: =(GH42*GH46)/100 -> 0 | GK47: =(GK42*GK46)/100 -> 0 | GN47: =(GN42*GN46)/100 -> 0 | GQ47: =(GQ42*GQ46)/100 -> 0 | GT47: =(GT42*GT46)/100 -> 0 | GW47: =(GW42*GW46)/100 -> 0 | GZ47: =(GZ42*GZ46)/100 -> 0 | HC47: =(HC42*HC46)/100 -> 0
C48: Кол-во заключенных договоров | AS48: Командный план | BF48: =sum(BF47+'Александр'!BI46) -> 0 | BI48: 160000 | BO48: 10000 | BR48: =BF48*100/BI48 -> 0 | BU48: =(BI48-BF48)/'График'!AK12 -> 6956.5217 | BY48: Из одобренного теста в заключенный договор | CM48: =BF45*100/BF43 -> #DIV/0! | CO48: =((BF45*100/BF43)+CM30)/2 -> #DIV/0! | DF48: Итого | DH48: =sum(DH47+DH44+DH45) -> 9700 | DL48: Неявка на работу | DX48: 1500 | FE48: =sum(DZ48:FD48)*DX48 -> 0 | FI48: Платные тесты
C49: Кол-во позиций в договоре | AS49: Остаток до выполнения личного плана | BF49: =BI47-BF47 -> 120000 | BY49: Из теста в заключенный договор | CM49: =BF45*100/BF44 -> #DIV/0! | CO49: =((BF45*100/BF44)+CM31)/2 -> #DIV/0! | DL49: Неверно составленное ТЗ | DX49: 1000 | FE49: =sum(DZ49:FD49)*DX49 -> 0 | FI49: Название проекта | FM49: Магнитогорск М-Мебель | FP49: Название Проекта | FS49: Название Проекта | FV49: Название Проекта | FY49: Название Проекта | GB49: Название Проекта | GE49: Название Проекта | GH49: Название Проекта | GK49: Название Проекта | GN49: Название Проекта | GQ49: Название Проекта | GT49: Название Проекта | GW49: Название Проекта | GZ49: Название Проекта | HC49: Название Проекта
C50: Сумма продаж | AS50: Средний чек | BF50: =BF47/BF45 -> #DIV/0! | FC50: Итого | FE50: =sum(FE44:FE49) -> 0
AS51: Общее количество звонков | FI51: Сумма | FM51: 3000 | FP51: 3000 | FS51: 3000 | FV51: 14500 | FY51: 3000 | GB51: 5000 | GE51: 3000 | GH51: 6400 | GK51: 2400
AS52: Общее количество минут разговора | FI52: 20 | FL52: % | FM52: =FM51*FI52/100 -> 600 | FP52: =FP51*FI52/100 -> 600 | FS52: =FS51*FI52/100 -> 600 | FV52: =FV51*FI52/100 -> 2900 | FY52: =FY51*FI52/100 -> 600 | GB52: =GB51*FI52/100 -> 1000 | GE52: =GE51*FI52/100 -> 600 | GH52: =GH51*FI52/100 -> 1280 | GK52: =GK51*FI52/100 -> 480 | GN52: =GN51*FF52/100 -> 0 | GQ52: =GQ51*FI52/100 -> 0 | GT52: =GT51*FI52/100 -> 0 | GW52: =GW51*FI52/100 -> 0 | GZ52: =GZ51*FI52/100 -> 0 | HC52: =HC51*FI52/100 -> 0
AS53: Среднее количество изделий в договоре | BF53: =(BF45/BF46) -> #DIV/0!
C57: Продажи | AS57: Рассчеты | BY57: Эффективность | CR57: Заработная плата | DL57: Нарушения регламента работы | FI57: Сопровождение клиентов
A58: Апрель 2022 | C58: Показатели | L58: Дата | M58: 44287 | N58: 44288 | O58: 44289 | P58: 44290 | Q58: 44291 | R58: 44292 | S58: 44293 | T58: 44294 | U58: 44295 | V58: 44296 | W58: 44297 | X58: 44298 | Y58: 44299 | Z58: 44300 | AA58: 44301 | AB58: 44302 | AC58: 44303 | AD58: 44304 | AE58: 44305 | AF58: 44306 | AG58: 44307 | AH58: 44308 | AI58: 44309 | AJ58: 44310 | AK58: 44311 | AL58: 44312 | AM58: 44313 | AN58: 44314 | AO58: 44315 | AP58: 44316 | AQ58: 44317 | AS58: Ключевые показатели | BF58: Факт | BI58: План | BL58: Вып 100% | BO58: Бонус | BR58: Вып в % | BU58: Днев ПЛ | BY58: Ключевые конверсии | CM58: Факт | CO58: Сред | CR58: Мотивация менеджера | DH58: Сумма | DL58: Дисциплинарные нарушения | DX58: Сумм | DZ58: 44317 | EA58: 44318 | EB58: 44319 | EC58: 44320 | ED58: 44321 | EE58: 44322 | EF58: 44323 | EG58: 44324 | EH58: 44325 | EI58: 44326 | EJ58: 44327 | EK58: 44328 | EL58: 44329 | EM58: 44330 | EN58: 44331 | EO58: 44332 | EP58: 44333 | EQ58: 44334 | ER58: 44335 | ES58: 44336 | ET58: 44337 | EU58: 44338 | EV58: 44339 | EW58: 44340 | EX58: 44341 | EY58: 44342 | EZ58: 44343 | FA58: 44344 | FB58: 44345 | FC58: 44346 | FD58: 44347 | FE58: Итого | FI58: Название проекта
AS59: Количество новых лидов | BF59: =SUM(M62:AQ62) -> 0 | BI59: 0 | BL59: 0 | BO59: 0 | BR59: 0 | BU59: =(BI59-BF59)/'График'!AK16 -> 0 | BY59: Из лида в одобренный тест | CM59: =BF62*100/BF59 -> #DIV/0! | CO59: =((BF61*100/BF59)+CM41)/2 -> #DIV/0! | CR59: Сумма штрафов | DH59: =FE68 -> 2500
AS60: Количество результативных звонков | BF60: =SUM(M63:AQ63) -> 0 | BI60: 60 | BL60: =IF(BF60<BI60,BF60,IF(BF60>=BI60,BI60)) -> 0 | BO60: =2500*BR60/100 -> 0 | BR60: =BL60*100/BI60 -> 0 | BU60: =(BI60-BF60)/'График'!AK16 -> 2.6086957 | BY60: Из лида в оплаченный тест | CM60: =BF61*100/BF59 -> #DIV/0! | CO60: =((BF61*100/BF59)+CM42)/2 -> #DIV/0! | CR60: Бонус за выполнение KPI | DH60: =sum(BO60:BQ63,BO65) -> 0 | FI60: Сумма
AS61: Кол-во одобренных тестов | BF61: =SUM(M64:AQ64) -> 0 | BI61: 30 | BL61: =IF(BF61<BI61,BF61,IF(BF61>=BI61,BI61)) -> 0 | BO61: =2500*BR61/100 -> 0 | BR61: =BL61*100/BI61 -> 0 | BU61: =(BI61-BF61)/'График'!AK16 -> 1.3043478 | BY61: Из лида в заключенный договор | CM61: =BF63*100/BF59 -> #DIV/0! | CO61: =((BF63*100/BF59)+CM43)/2 -> #DIV/0! | CR61: Общий % выполнения KPI | DH61: =sum(BR60,BR61,BR62,BR63,BR65)/5 -> 0 | FI61: Количество | FM61: 1 | FP61: 2 | FS61: 3 | FV61: 4 | FY61: 5 | GB61: 6 | GE61: 7 | GH61: 8 | GK61: 9 | GN61: 10 | GQ61: 11 | GT61: 12 | GW61: 13 | GZ61: 14 | HC61: 15
C62: Кол-во новых лидов | AS62: Кол-во оплаченных тестов | BF62: =SUM(M65:AQ65) -> 0 | BI62: 20 | BL62: =IF(BF62<BI62,BF62,IF(BF62>=BI62,BI62)) -> 0 | BO62: =2500*BR62/100 -> 0 | BR62: =BL62*100/BI62 -> 0 | BU62: =(BI62-BF62)/'График'!AK16 -> 0.86956522 | BY62: Из результативного звонка в одобренный тест | CM62: =BF61*100/BF60 -> #DIV/0! | CO62: =((BF61*100/BF60)+CM44)/2 -> #DIV/0! | CR62: Премия за сопровождение проектов за второй месяц | DH62: =FI45 -> 0 | DL62: Ведение CRM | DX62: 200 | DZ62: 1 | EE62: 1 | EJ62: 1 | EO62: 1 | FE62: =sum(DZ62:FD62)*DX62 -> 800 | FI62: 2 месяц | FL62: % | FY62: 10 | GB62: 10 | GE62: 10 | GH62: 10 | GK62: 10 | GN62: 10 | GQ62: 10 | GT62: 10 | GW62: 10 | GZ62: 10 | HC62: 10
C63: Кол-во результативных звонков | AS63: Кол-во заключенных договоров | BF63: =SUM(M66:AQ66) -> 0 | BI63: 5 | BL63: =IF(BF63<BI63,BF63,IF(BF63>=BI63,BI63)) -> 0 | BO63: =2500*BR63/100 -> 0 | BR63: =BL63*100/BI63 -> 0 | BU63: =(BI63-BF63)/'График'!AK16 -> 0.2173913 | BY63: Из звонка в проведенный тест | CM63: =BF62*100/BF60 -> #DIV/0! | CO63: =((BF62*100/BF60)+CM45)/2 -> #DIV/0! | CR63: Премия за сопровождение проектов за третий месяц | DH63: =FI29 -> 0 | DL63: Соблюдение регламентов и скриптов | DX63: 200 | EB63: 1 | FE63: =sum(DZ63:FD63)*DX63 -> 200 | FI63: =SUM(FM63:HD63) -> 0 | FM63: =(FM60*FM62)/100 -> 0 | FP63: =(FP60*FP62)/100 -> 0 | FS63: =(FS60*FS62)/100 -> 0 | FV63: =(FV60*FV62)/100 -> 0 | FY63: =(FY60*FY62)/100 -> 0 | GB63: =(GB60*GB62)/100 -> 0 | GE63: =(GE60*GE62)/100 -> 0 | GH63: =(GH60*GH62)/100 -> 0 | GK63: =(GK60*GK62)/100 -> 0 | GN63: =(GN60*GN62)/100 -> 0 | GQ63: =(GQ60*GQ62)/100 -> 0 | GT63: =(GT60*GT62)/100 -> 0 | GW63: =(GW60*GW62)/100 -> 0 | GZ63: =(GZ60*GZ62)/100 -> 0 | HC63: =(HC60*HC62)/100 -> 0
C64: Кол-во одобренных тестов | AS64: Кол-во позиций в договоре | BF64: =SUM(M67:AQ67) -> 0 | BI64: 0 | BL64: 0 | BO64: 0 | BR64: 0 | BU64: =(BI64-BF64)/'График'!AK16 -> 0 | BY64: Из звонка в заключенный договор | CM64: =BF63*100/BF60 -> #DIV/0! | CO64: =((BF63*100/BF60)+CM46)/2 -> #DIV/0! | CR64: Зарплата менеджера без учета командного плана | DH64: =if(DH61>84,BF65*15%+DH60,if(DH61<85,BF65*5%+DH60)) -> 0 | DL64: Вовремя/неверно сданная отчетность | DX64: 500 | DZ64: 1 | FE64: =sum(DZ64:FD64)*DX64 -> 500 | FI64: 3 месяц | FL64: % | FY64: 5 | GB64: 5 | GE64: 5 | GH64: 5 | GK64: 5 | GN64: 5 | GQ64: 5 | GT64: 5 | GW64: 5 | GZ64: 5 | HC64: 5
C65: Кол-во оплаченных тестов | AS65: Сумма продаж | BF65: =SUM(N68:AQ68) -> 0 | BI65: 200000 | BL65: =IF(BF65<BI65,BF65,IF(BF65>=BI65,BI65)) -> 0 | BO65: =5000*BR65/100 -> 0 | BR65: =BL65*100/BI65 -> 0 | BU65: =(BI65-BF65)/'График'!AK16 -> 8695.6522 | BY65: Из одобренного теста в проведенный тест | CM65: =BF62*100/BF61 -> #DIV/0! | CO65: =((BF62*100/BF61)+CM47)/2 -> #DIV/0! | CR65: Зарплата менеджера с учетом командного плана | DH65: =if(BF66>=BI66,DH64+BO66,if(BF66<BI66,DH64))-FE68 -> -2500 | DL65: Опоздание без ув. причины | DX65: 800 | FE65: =sum(DZ65:FD65)*DX65 -> 0 | FI65: =SUM(FM65:HD65) -> 0 | FM65: =(FM60*FM64)/100 -> 0 | FP65: =(FP60*FP64)/100 -> 0 | FS65: =(FS60*FS64)/100 -> 0 | FV65: =(FV60*FV64)/100 -> 0 | FY65: =(FY60*FY64)/100 -> 0 | GB65: =(GB60*GB64)/100 -> 0 | GE65: =(GE60*GE64)/100 -> 0 | GH65: =(GH60*GH64)/100 -> 0 | GK65: =(GK60*GK64)/100 -> 0 | GN65: =(GN60*GN64)/100 -> 0 | GQ65: =(GQ60*GQ64)/100 -> 0 | GT65: =(GT60*GT64)/100 -> 0 | GW65: =(GW60*GW64)/100 -> 0 | GZ65: =(GZ60*GZ64)/100 -> 0 | HC65: =(HC60*HC64)/100 -> 0
C66: Кол-во заключенных договоров | AS66: Командный план | BF66: =sum(BF65+'Александр'!BI64) -> 0 | BI66: 300000 | BO66: 10000 | BR66: =BF66*100/BI66 -> 0 | BU66: =(BI66-BF66)/'График'!AK16 -> 13043.478 | BY66: Из одобренного теста в заключенный договор | CM66: =BF63*100/BF61 -> #DIV/0! | CO66: =((BF63*100/BF61)+CM48)/2 -> #DIV/0! | DF66: Итого | DH66: =sum(DH65+DH62+DH63) -> -2500 | DL66: Неявка на работу | DX66: 1500 | FE66: =sum(DZ66:FD66)*DX66 -> 0 | FI66: Платные тесты
C67: Кол-во позиций в договоре | AS67: Остаток до выполнения личного плана | BF67: =BI65-BF65 -> 200000 | BY67: Из теста в заключенный договор | CM67: =BF63*100/BF62 -> #DIV/0! | CO67: =((BF63*100/BF62)+CM49)/2 -> #DIV/0! | DL67: Неверно составленное ТЗ | DX67: 1000 | EL67: 1 | FE67: =sum(DZ67:FD67)*DX67 -> 1000 | FI67: Название проекта | FM67: Магнитогорск М-Мебель | FP67: Название Проекта | FS67: Название Проекта | FV67: Название Проекта | FY67: Название Проекта | GB67: Название Проекта | GE67: Название Проекта | GH67: Название Проекта | GK67: Название Проекта | GN67: Название Проекта | GQ67: Название Проекта | GT67: Название Проекта | GW67: Название Проекта | GZ67: Название Проекта | HC67: Название Проекта
C68: Сумма продаж | AS68: Средний чек | BF68: =BF65/BF63 -> #DIV/0! | FC68: Итого | FE68: =sum(FE62:FE67) -> 2500
AS69: Общее количество звонков | FI69: Сумма | FM69: 3000 | FP69: 3000 | FS69: 3000 | FV69: 14500 | FY69: 3000 | GB69: 5000 | GE69: 3000 | GH69: 6400 | GK69: 2400
AS70: Общее количество минут разговора | FI70: 20 | FL70: % | FM70: =FM69*FI70/100 -> 600 | FP70: =FP69*FI70/100 -> 600 | FS70: =FS69*FI70/100 -> 600 | FV70: =FV69*FI70/100 -> 2900 | FY70: =FY69*FI70/100 -> 600 | GB70: =GB69*FI70/100 -> 1000 | GE70: =GE69*FI70/100 -> 600 | GH70: =GH69*FI70/100 -> 1280 | GK70: =GK69*FI70/100 -> 480 | GN70: =GN69*FF70/100 -> 0 | GQ70: =GQ69*FI70/100 -> 0 | GT70: =GT69*FI70/100 -> 0 | GW70: =GW69*FI70/100 -> 0 | GZ70: =GZ69*FI70/100 -> 0 | HC70: =HC69*FI70/100 -> 0
AS71: Среднее количество изделий в договоре | BF71: =(BF63/BF64) -> #DIV/0!

Sheet График
B1: Анжелика | AN1: Александр
A2: Ноябрь 2022 | B2: Дата | F2: 44348 | G2: 44349 | H2: 44350 | I2: 44351 | J2: 44352 | K2: 44353 | L2: 44354 | M2: 44355 | N2: 44356 | O2: 44357 | P2: 44358 | Q2: 44359 | R2: 44360 | S2: 44361 | T2: 44362 | U2: 44363 | V2: 44364 | W2: 44365 | X2: 44366 | Y2: 44367 | Z2: 44368 | AA2: 44369 | AB2: 44370 | AC2: 44371 | AD2: 44372 | AE2: 44373 | AF2: 44374 | AG2: 44375 | AH2: 44376 | AI2: 44377 | AJ2: 44378 | AK2: кол-во смен | AM2: Декабрь 2021 | AN2: Дата | AR2: 44348 | AS2: 44349 | AT2: 44350 | AU2: 44351 | AV2: 44352 | AW2: 44353 | AX2: 44354 | AY2: 44355 | AZ2: 44356 | BA2: 44357 | BB2: 44358 | BC2: 44359 | BD2: 44360 | BE2: 44361 | BF2: 44362 | BG2: 44363 | BH2: 44364 | BI2: 44365 | BJ2: 44366 | BK2: 44367 | BL2: 44368 | BM2: 44369 | BN2: 44370 | BO2: 44371 | BP2: 44372 | BQ2: 44373 | BR2: 44374 | BS2: 44375 | BT2: 44376 | BU2: 44377 | BV2: 44378 | BW2: кол-во смен
B3: День недели | F3: вт | G3: ср | H3: чт | I3: пт | J3: сб | K3: вс | L3: пн | M3: вт | N3: ср | O3: чт | P3: пт | Q3: сб | R3: вс | S3: пн | T3: вт | U3: ср | V3: чт | W3: пт | X3: сб | Y3: вс | Z3: пн | AA3: вт | AB3: ср | AC3: чт | AD3: пт | AE3: сб | AF3: вс | AG3: пн | AH3: вт | AI3: ср | AJ3: чт | AN3: День недели | AR3: вт | AS3: ср | AT3: чт | AU3: пт | AV3: сб | AW3: вс | AX3: пн | AY3: вт | AZ3: ср | BA3: чт | BB3: пт | BC3: сб | BD3: вс | BE3: пн | BF3: вт | BG3: ср | BH3: чт | BI3: пт | BJ3: сб | BK3: вс | BL3: пн | BM3: вт | BN3: ср | BO3: чт | BP3: пт | BQ3: сб | BR3: вс | BS3: пн | BT3: вт | BU3: ср | BV3: чт
B4: Анжелика | F4: 1 | G4: 1 | H4: 1 | I4: 1 | L4: 1 | M4: 1 | N4: 1 | O4: 1 | P4: 1 | S4: 1 | T4: 1 | U4: 1 | V4: 1 | W4: 1 | Z4: 1 | AA4: 1 | AB4: 1 | AC4: 1 | AD4: 1 | AG4: 1 | AH4: 1 | AI4: 1 | AJ4: 1 | AK4: =SUM(F4:AJ4) -> 23 | AN4: Александр | AR4: 1 | AS4: 1 | AT4: 1 | AU4: 1 | AX4: 1 | AY4: 1 | AZ4: 1 | BA4: 1 | BB4: 1 | BE4: 1 | BF4: 1 | BG4: 1 | BH4: 1 | BI4: 1 | BL4: 1 | BM4: 1 | BN4: 1 | BO4: 1 | BP4: 1 | BS4: 1 | BT4: 1 | BU4: 1 | BV4: 1 | BW4: =SUM(AR4:BV4) -> 23
A6: Декабрь 2022 | B6: Дата | F6: 44348 | G6: 44349 | H6: 44350 | I6: 44351 | J6: 44352 | K6: 44353 | L6: 44354 | M6: 44355 | N6: 44356 | O6: 44357 | P6: 44358 | Q6: 44359 | R6: 44360 | S6: 44361 | T6: 44362 | U6: 44363 | V6: 44364 | W6: 44365 | X6: 44366 | Y6: 44367 | Z6: 44368 | AA6: 44369 | AB6: 44370 | AC6: 44371 | AD6: 44372 | AE6: 44373 | AF6: 44374 | AG6: 44375 | AH6: 44376 | AI6: 44377 | AJ6: 44378 | AK6: кол-во смен | AM6: Январь 2022 | AN6: Дата | AR6: 44348 | AS6: 44349 | AT6: 44350 | AU6: 44351 | AV6: 44352 | AW6: 44353 | AX6: 44354 | AY6: 44355 | AZ6: 44356 | BA6: 44357 | BB6: 44358 | BC6: 44359 | BD6: 44360 | BE6: 44361 | BF6: 44362 | BG6: 44363 | BH6: 44364 | BI6: 44365 | BJ6: 44366 | BK6: 44367 | BL6: 44368 | BM6: 44369 | BN6: 44370 | BO6: 44371 | BP6: 44372 | BQ6: 44373 | BR6: 44374 | BS6: 44375 | BT6: 44376 | BU6: 44377 | BV6: 44378 | BW6: кол-во смен
B7: День недели | F7: вт | G7: ср | H7: чт | I7: пт | J7: сб | K7: вс | L7: пн | M7: вт | N7: ср | O7: чт | P7: пт | Q7: сб | R7: вс | S7: пн | T7: вт | U7: ср | V7: чт | W7: пт | X7: сб | Y7: вс | Z7: пн | AA7: вт | AB7: ср | AC7: чт | AD7: пт | AE7: сб | AF7: вс | AG7: пн | AH7: вт | AI7: ср | AJ7: чт | AN7: День недели | AR7: вт | AS7: ср | AT7: чт | AU7: пт | AV7: сб | AW7: вс | AX7: пн | AY7: вт | AZ7: ср | BA7: чт | BB7: пт | BC7: сб | BD7: вс | BE7: пн | BF7: вт | BG7: ср | BH7: чт | BI7: пт | BJ7: сб | BK7: вс | BL7: пн | BM7: вт | BN7: ср | BO7: чт | BP7: пт | BQ7: сб | BR7: вс | BS7: пн | BT7: вт | BU7: ср | BV7: чт
B8: Анжелика | F8: 1 | G8: 1 | H8: 1 | I8: 1 | L8: 1 | M8: 1 | N8: 1 | O8: 1 | P8: 1 | S8: 1 | T8: 1 | U8: 1 | V8: 1 | W8: 1 | Z8: 1 | AA8: 1 | AB8: 1 | AC8: 1 | AD8: 1 | AG8: 1 | AH8: 1 | AI8: 1 | AJ8: 1 | AK8: =SUM(F8:AJ8) -> 23 | AN8: Александр | AR8: 1 | AS8: 1 | AT8: 1 | AU8: 1 | AX8: 1 | AY8: 1 | AZ8: 1 | BA8: 1 | BB8: 1 | BE8: 1 | BF8: 1 | BG8: 1 | BH8: 1 | BI8: 1 | BL8: 1 | BM8: 1 | BN8: 1 | BO8: 1 | BP8: 1 | BS8: 1 | BT8: 1 | BU8: 1 | BV8: 1 | BW8: =SUM(AR8:BV8) -> 23
A10: Январь 2023 | B10: Дата | F10: 44348 | G10: 44349 | H10: 44350 | I10: 44351 | J10: 44352 | K10: 44353 | L10: 44354 | M10: 44355 | N10: 44356 | O10: 44357 | P10: 44358 | Q10: 44359 | R10: 44360 | S10: 44361 | T10: 44362 | U10: 44363 | V10: 44364 | W10: 44365 | X10: 44366 | Y10: 44367 | Z10: 44368 | AA10: 44369 | AB10: 44370 | AC10: 44371 | AD10: 44372 | AE10: 44373 | AF10: 44374 | AG10: 44375 | AH10: 44376 | AI10: 44377 | AJ10: 44378 | AK10: кол-во смен | AM10: Февраль 2022 | AN10: Дата | AR10: 44348 | AS10: 44349 | AT10: 44350 | AU10: 44351 | AV10: 44352 | AW10: 44353 | AX10: 44354 | AY10: 44355 | AZ10: 44356 | BA10: 44357 | BB10: 44358 | BC10: 44359 | BD10: 44360 | BE10: 44361 | BF10: 44362 | BG10: 44363 | BH10: 44364 | BI10: 44365 | BJ10: 44366 | BK10: 44367 | BL10: 44368 | BM10: 44369 | BN10: 44370 | BO10: 44371 | BP10: 44372 | BQ10: 44373 | BR10: 44374 | BS10: 44375 | BT10: 44376 | BU10: 44377 | BV10: 44378 | BW10: кол-во смен
B11: День недели | F11: вт | G11: ср | H11: чт | I11: пт | J11: сб | K11: вс | L11: пн | M11: вт | N11: ср | O11: чт | P11: пт | Q11: сб | R11: вс | S11: пн | T11: вт | U11: ср | V11: чт | W11: пт | X11: сб | Y11: вс | Z11: пн | AA11: вт | AB11: ср | AC11: чт | AD11: пт | AE11: сб | AF11: вс | AG11: пн | AH11: вт | AI11: ср | AJ11: чт | AN11: День недели | AR11: вт | AS11: ср | AT11: чт | AU11: пт | AV11: сб | AW11: вс | AX11: пн | AY11: вт | AZ11: ср | BA11: чт | BB11: пт | BC11: сб | BD11: вс | BE11: пн | BF11: вт | BG11: ср | BH11: чт | BI11: пт | BJ11: сб | BK11: вс | BL11: пн | BM11: вт | BN11: ср | BO11: чт | BP11: пт | BQ11: сб | BR11: вс | BS11: пн | BT11: вт | BU11: ср | BV11: чт
B12: Анжелика | F12: 1 | G12: 1 | H12: 1 | I12: 1 | L12: 1 | M12: 1 | N12: 1 | O12: 1 | P12: 1 | S12: 1 | T12: 1 | U12: 1 | V12: 1 | W12: 1 | Z12: 1 | AA12: 1 | AB12: 1 | AC12: 1 | AD12: 1 | AG12: 1 | AH12: 1 | AI12: 1 | AJ12: 1 | AK12: =SUM(F12:AJ12) -> 23 | AN12: Александр | AR12: 1 | AS12: 1 | AT12: 1 | AU12: 1 | AX12: 1 | AY12: 1 | AZ12: 1 | BA12: 1 | BB12: 1 | BE12: 1 | BF12: 1 | BG12: 1 | BH12: 1 | BI12: 1 | BL12: 1 | BM12: 1 | BN12: 1 | BO12: 1 | BP12: 1 | BS12: 1 | BT12: 1 | BU12: 1 | BV12: 1 | BW12: =SUM(AR12:BV12) -> 23
A14: Март 2022 | B14: Дата | F14: 44348 | G14: 44349 | H14: 44350 | I14: 44351 | J14: 44352 | K14: 44353 | L14: 44354 | M14: 44355 | N14: 44356 | O14: 44357 | P14: 44358 | Q14: 44359 | R14: 44360 | S14: 44361 | T14: 44362 | U14: 44363 | V14: 44364 | W14: 44365 | X14: 44366 | Y14: 44367 | Z14: 44368 | AA14: 44369 | AB14: 44370 | AC14: 44371 | AD14: 44372 | AE14: 44373 | AF14: 44374 | AG14: 44375 | AH14: 44376 | AI14: 44377 | AJ14: 44378 | AK14: кол-во смен | AM14: Март 2022 | AN14: Дата | AR14: 44348 | AS14: 44349 | AT14: 44350 | AU14: 44351 | AV14: 44352 | AW14: 44353 | AX14: 44354 | AY14: 44355 | AZ14: 44356 | BA14: 44357 | BB14: 44358 | BC14: 44359 | BD14: 44360 | BE14: 44361 | BF14: 44362 | BG14: 44363 | BH14: 44364 | BI14: 44365 | BJ14: 44366 | BK14: 44367 | BL14: 44368 | BM14: 44369 | BN14: 44370 | BO14: 44371 | BP14: 44372 | BQ14: 44373 | BR14: 44374 | BS14: 44375 | BT14: 44376 | BU14: 44377 | BV14: 44378 | BW14: кол-во смен
B15: День недели | F15: вт | G15: ср | H15: чт | I15: пт | J15: сб | K15: вс | L15: пн | M15: вт | N15: ср | O15: чт | P15: пт | Q15: сб | R15: вс | S15: пн | T15: вт | U15: ср | V15: чт | W15: пт | X15: сб | Y15: вс | Z15: пн | AA15: вт | AB15: ср | AC15: чт | AD15: пт | AE15: сб | AF15: вс | AG15: пн | AH15: вт | AI15: ср | AJ15: чт | AN15: День недели | AR15: вт | AS15: ср | AT15: чт | AU15: пт | AV15: сб | AW15: вс | AX15: пн | AY15: вт | AZ15: ср | BA15: чт | BB15: пт | BC15: сб | BD15: вс | BE15: пн | BF15: вт | BG15: ср | BH15: чт | BI15: пт | BJ15: сб | BK15: вс | BL15: пн | BM15: вт | BN15: ср | BO15: чт | BP15: пт | BQ15: сб | BR15: вс | BS15: пн | BT15: вт | BU15: ср | BV15: чт
B16: Анжелика | F16: 1 | G16: 1 | H16: 1 | I16: 1 | L16: 1 | M16: 1 | N16: 1 | O16: 1 | P16: 1 | S16: 1 | T16: 1 | U16: 1 | V16: 1 | W16: 1 | Z16: 1 | AA16: 1 | AB16: 1 | AC16: 1 | AD16: 1 | AG16: 1 | AH16: 1 | AI16: 1 | AJ16: 1 | AK16: =SUM(F16:AJ16) -> 23 | AN16: Александр | AR16: 1 | AS16: 1 | AT16: 1 | AU16: 1 | AX16: 1 | AY16: 1 | AZ16: 1 | BA16: 1 | BB16: 1 | BE16: 1 | BF16: 1 | BG16: 1 | BH16: 1 | BI16: 1 | BL16: 1 | BM16: 1 | BN16: 1 | BO16: 1 | BP16: 1 | BS16: 1 | BT16: 1 | BU16: 1 | BV16: 1 | BW16: =SUM(AR16:BV16) -> 23

Sheet Сводная таблица
A1: Показатели | S1: Евгений Ж. | W1: Александр | AA1: Среднее | AF1: Суммарное | AK1: План Среднее | AP1: План Суммарное | AU1: % Выполнения Среднее | AZ1: % Выполнения Суммарное | BE1: % Выполнения KPI | BJ1: Зарплата РОП
A3: Количество новых лидов | S3: ='Евгений Ж.'!DH3 -> 59 | W3: =#REF! -> #REF! | AA3: =sum(S3:W3)/4 -> #REF! | AF3: =sum(S3:W3) -> #REF! | AK3: 60 | AP3: 250 | AU3: =AA3*100/AK3 -> #REF! | AZ3: =AF3*100/AP3 -> #REF! | BE3: =sum(AU23:AU31,AU19,AU15,AU14,AU13,AU12,AU11,AU10,AU9,AU8,AU7,AU6,AU5,AU3,AZ3:AZ10)/29 -> #DIV/0! | BJ3: =IF(BE3>=85,AA11*2.25%,IF(BE3<=84,AA11*1.25%)) -> #DIV/0!
A4: Общее количество звонков | S4: ='Евгений Ж.'!DH13 | W4: =#REF! -> #REF!
A5: Количество результативных звонков | S5: ='Евгений Ж.'!DH4 -> 197 | W5: =#REF! -> #REF! | AA5: =sum(S5:W5)/4 -> #REF! | AF5: =sum(S5:W5) -> #REF! | AK5: 60 | AP5: 300 | AU5: =AA5*100/AK5 -> #REF! | AZ5: =AF5*100/AP5 -> #REF!
A6: Количество одобренных тестов | S6: ='Евгений Ж.'!DH5 -> 20 | W6: =#REF! -> #REF! | AA6: =sum(S6:W6)/4 -> #REF! | AF6: =sum(S6:W6) -> #REF! | AK6: 18 | AP6: 70 | AU6: =AA6*100/AK6 -> #REF! | AZ6: =AF6*100/AP6 -> #REF!
A7: Количество оплаченых тестов | S7: ='Евгений Ж.'!DH6 -> 9 | W7: =#REF! -> #REF! | AA7: =sum(S7:W7)/4 -> #REF! | AF7: =sum(S7:W7) -> #REF! | AK7: 20 | AP7: 75 | AU7: =AA7*100/AK7 -> #REF! | AZ7: =AF7*100/AP7 -> #REF!
A8: Количество заключенных договоров | S8: ='Евгений Ж.'!DH7 -> 0 | W8: =#REF! -> #REF! | AA8: =sum(S8:W8)/4 -> #REF! | AF8: =sum(S8:W8) -> #REF! | AK8: 30 | AP8: 35 | AU8: =AA8*100/AK8 -> #REF! | AZ8: =AF8*100/AP8 -> #REF!
A9: Количество позиций в договоре | S9: ='Евгений Ж.'!DH8 -> 0 | W9: =#REF! -> #REF! | AA9: =sum(S9:W9)/AA8 -> #REF! | AF9: =sum(S9:W9) -> #REF! | AK9: 6 | AP9: 45 | AU9: =AA9*100/AK9 -> #REF! | AZ9: =AF9*100/AP9 -> #REF!
A10: Сумма продаж | S10: ='Евгений Ж.'!DH9 -> 0 | W10: =#REF! -> #REF! | AA10: =sum(S10:W10)/4 -> #REF! | AF10: =sum(S10:W10) -> #REF! | AK10: 1200000 | AP10: 5000000 | AU10: =AA10*100/AK10 -> #REF! | AZ10: =AF10*100/AP10 -> #REF!
A11: Командный план | S11: ='Евгений Ж.'!DH10 -> 0 | W11: =#REF! -> #REF! | AA11: =sum(S11:W11)/4 -> #REF! | AK11: 5000000 | AP11: 5000000 | AU11: =AA11*100/AK11 -> #REF!
A12: Остаток до выполнения личного плана | S12: ='Евгений Ж.'!DH11 -> 20000 | W12: =#REF! -> #REF! | AA12: =sum(S12:W12)/4 -> #REF! | AF12: =sum(S12:W12) -> #REF! | AK12: 800000 | AU12: =AA12*100/AK12 -> #REF!
A13: Средний чек договора | S13: ='Евгений Ж.'!DH12 -> #DIV/0! | W13: =#REF! -> #REF! | AA13: =sum(S13:W13)/4 -> #DIV/0! | AK13: 200000 | AU13: =AA13*100/AK13 -> #DIV/0!
A14: Средний чек позиции | AA14: =AF10/AF9 -> #REF! | AK14: 190000 | AU14: =AA14*100/AK14 -> #REF!
A15: Среднее количество позиций в договоре | S15: ='Евгений Ж.'!DH15 -> #DIV/0! | W15: =#REF! -> #REF! | AA15: =sum(S15:W15)/4 -> #DIV/0! | AK15: 0.8 | AU15: =AA15*100/AK15 -> #DIV/0!
A16: Заработная плата | S16: ='Евгений Ж.'!FJ2 -> Сумма | W16: ='Евгений Ж.'!FM2 | AA16: Среднее | AF16: Суммарное
A17: Сумма штрафа | S17: ='Евгений Ж.'!FJ3 -> 0 | W17: ='Евгений Ж.'!FM3 | AA17: =sum(S17:W17)/4 -> 0 | AF17: =sum(S17:W17) -> 0
A18: Бонус за выполнение KPI | S18: ='Евгений Ж.'!FJ4 -> 7500 | W18: ='Евгений Ж.'!FM4 | AA18: =sum(S18:W18)/4 -> 1875 | AF18: =sum(S18:W18) -> 7500
A19: Общий % выполнения KPI | S19: ='Евгений Ж.'!FJ5 -> 60 | W19: ='Евгений Ж.'!FM5 | AA19: =sum(S19:W19)/4 -> 15 | AF19: =sum(S19:W19) -> 60 | AK19: 85 | AU19: =AA19*100/AK19 -> 17.647059
A20: Зарплата менеджера | S20: ='Евгений Ж.'!FJ9 -> 7500 | W20: ='Евгений Ж.'!FM8 | AA20: =sum(S20:W20)/4 -> 1875 | AF20: =sum(S20:W20) -> 7500
A21: Итоговая зарплата менеджера с учетом ком пл | S21: ='Евгений Ж.'!FJ10 -> 7500 | W21: ='Евгений Ж.'!FM9 | AA21: =sum(S21:W21)/4 -> 1875 | AF21: =sum(S21:W21) -> 7500
A22: Конверсии | S22: ='Евгений Ж.'!EO2 -> Факт | AA22: Среднее | AF22: Суммарное
A23: Из лида в одобренный тест | S23: ='Евгений Ж.'!EO3 -> 33.898305 | AA23: =sum(S23:W23)/4 -> 8.4745763 | AK23: 39 | AU23: =AA23*100/AK23 -> 21.729683
A24: Из лида в опллаченный тест | S24: ='Евгений Ж.'!EO4 -> 15.254237 | AA24: =sum(S24:W24)/4 -> 3.8135593 | AK24: 31 | AU24: =AA24*100/AK24 -> 12.301804
A25: Из лида в заключенный договор | S25: ='Евгений Ж.'!EO5 -> 0 | AA25: =sum(S25:W25)/4 -> 0 | AK25: 16 | AU25: =AA25*100/AK25 -> 0
A26: Из звонка в одобренный тест | S26: ='Евгений Ж.'!EO6 -> 10.152284 | AA26: =sum(S26:W26)/4 -> 2.5380711 | AK26: 35 | AU26: =AA26*100/AK26 -> 7.2516316
A27: Из звонка в оплаченный тест | S27: ='Евгений Ж.'!EO7 -> 4.5685279 | AA27: =sum(S27:W27)/4 -> 1.142132 | AK27: 30 | AU27: =AA27*100/AK27 -> 3.8071066
A28: Из звонка в заключенный договор | S28: ='Евгений Ж.'!EO8 -> 0 | AA28: =sum(S28:W28)/4 -> 0 | AK28: 14 | AU28: =AA28*100/AK28 -> 0
A29: Из одобренного теста в оплаченный тест | S29: ='Евгений Ж.'!EO9 -> 45 | AA29: =sum(S29:W29)/4 -> 11.25 | AK29: 100 | AU29: =AA29*100/AK29 -> 11.25
A30: Из одобренного теста в заключенный договор | S30: ='Евгений Ж.'!EO10 -> 0 | AA30: =sum(S30:W30)/4 -> 0 | AK30: 40 | AU30: =AA30*100/AK30 -> 0
A31: Из оплаченного теста в заключенный договор | S31: ='Евгений Ж.'!EO11 -> 0 | AA31: =sum(S31:W31)/4 -> 0 | AK31: 38 | AU31: =AA31*100/AK31 -> 0
A32: ='Евгений Ж.'!ET2 -> Мотивация менеджера
A33: ='Евгений Ж.'!ET3 -> Сумма штрафов
A34: ='Евгений Ж.'!ET4 -> Бонус за выполнение KPI
A35: ='Евгений Ж.'!ET5 -> Общий % выполнения KPI
A36: ='Евгений Ж.'!ET7 -> Премия за сопровождение проектов за второй месяц
A37: ='Евгений Ж.'!ET8 -> Премия за сопровождение проектов за третий месяц
A38: ='Евгений Ж.'!ET9 -> Зарплата менеджера без учета командного плана
A39: ='Евгений Ж.'!ET10 -> Зарплата менеджера с учетом командного плана
A40: ='Евгений Ж.'!ET11
